level,runIndex,seed,inputXmi,henshinModule,solutionLength,populationSize,maxEvaluations,solved,timeToFirstGoalMs,timeToFirstGoalSec,generationOfFirstGoal,evaluationsAtFirstGoal,elapsedWallMs,elapsedWallSec,outputDir
1,1,1,C:\Users\moeha\Cursor Projects\blockly-maze-modeling\blocky_game\..\blocky_momot\model\input\1.xmi,statement_insertions_atomic_only.henshin,2,100,10000,true,4,0.004,1,100,828,0.828,C:\Users\moeha\Cursor Projects\blockly-maze-modeling\blocky_game\blocky_momot\output_fg_refactored_full_l1_10_lvl1_run1
1,2,2,C:\Users\moeha\Cursor Projects\blockly-maze-modeling\blocky_game\..\blocky_momot\model\input\1.xmi,statement_insertions_atomic_only.henshin,2,100,10000,true,1,0.001,1,100,174,0.174,C:\Users\moeha\Cursor Projects\blockly-maze-modeling\blocky_game\blocky_momot\output_fg_refactored_full_l1_10_lvl1_run2
1,3,3,C:\Users\moeha\Cursor Projects\blockly-maze-modeling\blocky_game\..\blocky_momot\model\input\1.xmi,statement_insertions_atomic_only.henshin,2,100,10000,true,1,0.001,1,100,144,0.144,C:\Users\moeha\Cursor Projects\blockly-maze-modeling\blocky_game\blocky_momot\output_fg_refactored_full_l1_10_lvl1_run3
1,4,4,C:\Users\moeha\Cursor Projects\blockly-maze-modeling\blocky_game\..\blocky_momot\model\input\1.xmi,statement_insertions_atomic_only.henshin,2,100,10000,true,1,0.001,1,100,133,0.133,C:\Users\moeha\Cursor Projects\blockly-maze-modeling\blocky_game\blocky_momot\output_fg_refactored_full_l1_10_lvl1_run4
1,5,5,C:\Users\moeha\Cursor Projects\blockly-maze-modeling\blocky_game\..\blocky_momot\model\input\1.xmi,statement_insertions_atomic_only.henshin,2,100,10000,true,1,0.001,1,100,109,0.109,C:\Users\moeha\Cursor Projects\blockly-maze-modeling\blocky_game\blocky_momot\output_fg_refactored_full_l1_10_lvl1_run5
1,6,6,C:\Users\moeha\Cursor Projects\blockly-maze-modeling\blocky_game\..\blocky_momot\model\input\1.xmi,statement_insertions_atomic_only.henshin,2,100,10000,true,1,0.001,1,100,126,0.126,C:\Users\moeha\Cursor Projects\blockly-maze-modeling\blocky_game\blocky_momot\output_fg_refactored_full_l1_10_lvl1_run6
1,7,7,C:\Users\moeha\Cursor Projects\blockly-maze-modeling\blocky_game\..\blocky_momot\model\input\1.xmi,statement_insertions_atomic_only.henshin,2,100,10000,true,1,0.001,1,100,108,0.108,C:\Users\moeha\Cursor Projects\blockly-maze-modeling\blocky_game\blocky_momot\output_fg_refactored_full_l1_10_lvl1_run7
1,8,8,C:\Users\moeha\Cursor Projects\blockly-maze-modeling\blocky_game\..\blocky_momot\model\input\1.xmi,statement_insertions_atomic_only.henshin,2,100,10000,true,1,0.001,1,100,121,0.121,C:\Users\moeha\Cursor Projects\blockly-maze-modeling\blocky_game\blocky_momot\output_fg_refactored_full_l1_10_lvl1_run8
1,9,9,C:\Users\moeha\Cursor Projects\blockly-maze-modeling\blocky_game\..\blocky_momot\model\input\1.xmi,statement_insertions_atomic_only.henshin,2,100,10000,true,1,0.001,1,100,95,0.095,C:\Users\moeha\Cursor Projects\blockly-maze-modeling\blocky_game\blocky_momot\output_fg_refactored_full_l1_10_lvl1_run9
1,10,10,C:\Users\moeha\Cursor Projects\blockly-maze-modeling\blocky_game\..\blocky_momot\model\input\1.xmi,statement_insertions_atomic_only.henshin,2,100,10000,true,1,0.001,1,100,97,0.097,C:\Users\moeha\Cursor Projects\blockly-maze-modeling\blocky_game\blocky_momot\output_fg_refactored_full_l1_10_lvl1_run10
1,11,11,C:\Users\moeha\Cursor Projects\blockly-maze-modeling\blocky_game\..\blocky_momot\model\input\1.xmi,statement_insertions_atomic_only.henshin,2,100,10000,true,1,0.001,1,100,100,0.100,C:\Users\moeha\Cursor Projects\blockly-maze-modeling\blocky_game\blocky_momot\output_fg_refactored_full_l1_10_lvl1_run11
1,12,12,C:\Users\moeha\Cursor Projects\blockly-maze-modeling\blocky_game\..\blocky_momot\model\input\1.xmi,statement_insertions_atomic_only.henshin,2,100,10000,true,1,0.001,1,100,100,0.100,C:\Users\moeha\Cursor Projects\blockly-maze-modeling\blocky_game\blocky_momot\output_fg_refactored_full_l1_10_lvl1_run12
1,13,13,C:\Users\moeha\Cursor Projects\blockly-maze-modeling\blocky_game\..\blocky_momot\model\input\1.xmi,statement_insertions_atomic_only.henshin,2,100,10000,true,1,0.001,1,100,93,0.093,C:\Users\moeha\Cursor Projects\blockly-maze-modeling\blocky_game\blocky_momot\output_fg_refactored_full_l1_10_lvl1_run13
1,14,14,C:\Users\moeha\Cursor Projects\blockly-maze-modeling\blocky_game\..\blocky_momot\model\input\1.xmi,statement_insertions_atomic_only.henshin,2,100,10000,true,1,0.001,1,100,110,0.110,C:\Users\moeha\Cursor Projects\blockly-maze-modeling\blocky_game\blocky_momot\output_fg_refactored_full_l1_10_lvl1_run14
1,15,15,C:\Users\moeha\Cursor Projects\blockly-maze-modeling\blocky_game\..\blocky_momot\model\input\1.xmi,statement_insertions_atomic_only.henshin,2,100,10000,true,1,0.001,1,100,89,0.089,C:\Users\moeha\Cursor Projects\blockly-maze-modeling\blocky_game\blocky_momot\output_fg_refactored_full_l1_10_lvl1_run15
1,16,16,C:\Users\moeha\Cursor Projects\blockly-maze-modeling\blocky_game\..\blocky_momot\model\input\1.xmi,statement_insertions_atomic_only.henshin,2,100,10000,true,1,0.001,1,100,155,0.155,C:\Users\moeha\Cursor Projects\blockly-maze-modeling\blocky_game\blocky_momot\output_fg_refactored_full_l1_10_lvl1_run16
1,17,17,C:\Users\moeha\Cursor Projects\blockly-maze-modeling\blocky_game\..\blocky_momot\model\input\1.xmi,statement_insertions_atomic_only.henshin,2,100,10000,true,1,0.001,1,100,83,0.083,C:\Users\moeha\Cursor Projects\blockly-maze-modeling\blocky_game\blocky_momot\output_fg_refactored_full_l1_10_lvl1_run17
1,18,18,C:\Users\moeha\Cursor Projects\blockly-maze-modeling\blocky_game\..\blocky_momot\model\input\1.xmi,statement_insertions_atomic_only.henshin,2,100,10000,true,1,0.001,1,100,83,0.083,C:\Users\moeha\Cursor Projects\blockly-maze-modeling\blocky_game\blocky_momot\output_fg_refactored_full_l1_10_lvl1_run18
1,19,19,C:\Users\moeha\Cursor Projects\blockly-maze-modeling\blocky_game\..\blocky_momot\model\input\1.xmi,statement_insertions_atomic_only.henshin,2,100,10000,true,1,0.001,1,100,82,0.082,C:\Users\moeha\Cursor Projects\blockly-maze-modeling\blocky_game\blocky_momot\output_fg_refactored_full_l1_10_lvl1_run19
1,20,20,C:\Users\moeha\Cursor Projects\blockly-maze-modeling\blocky_game\..\blocky_momot\model\input\1.xmi,statement_insertions_atomic_only.henshin,2,100,10000,true,1,0.001,1,100,82,0.082,C:\Users\moeha\Cursor Projects\blockly-maze-modeling\blocky_game\blocky_momot\output_fg_refactored_full_l1_10_lvl1_run20
1,21,21,C:\Users\moeha\Cursor Projects\blockly-maze-modeling\blocky_game\..\blocky_momot\model\input\1.xmi,statement_insertions_atomic_only.henshin,2,100,10000,true,1,0.001,1,100,66,0.066,C:\Users\moeha\Cursor Projects\blockly-maze-modeling\blocky_game\blocky_momot\output_fg_refactored_full_l1_10_lvl1_run21
1,22,22,C:\Users\moeha\Cursor Projects\blockly-maze-modeling\blocky_game\..\blocky_momot\model\input\1.xmi,statement_insertions_atomic_only.henshin,2,100,10000,true,1,0.001,1,100,79,0.079,C:\Users\moeha\Cursor Projects\blockly-maze-modeling\blocky_game\blocky_momot\output_fg_refactored_full_l1_10_lvl1_run22
1,23,23,C:\Users\moeha\Cursor Projects\blockly-maze-modeling\blocky_game\..\blocky_momot\model\input\1.xmi,statement_insertions_atomic_only.henshin,2,100,10000,true,1,0.001,1,100,125,0.125,C:\Users\moeha\Cursor Projects\blockly-maze-modeling\blocky_game\blocky_momot\output_fg_refactored_full_l1_10_lvl1_run23
1,24,24,C:\Users\moeha\Cursor Projects\blockly-maze-modeling\blocky_game\..\blocky_momot\model\input\1.xmi,statement_insertions_atomic_only.henshin,2,100,10000,true,1,0.001,1,100,83,0.083,C:\Users\moeha\Cursor Projects\blockly-maze-modeling\blocky_game\blocky_momot\output_fg_refactored_full_l1_10_lvl1_run24
1,25,25,C:\Users\moeha\Cursor Projects\blockly-maze-modeling\blocky_game\..\blocky_momot\model\input\1.xmi,statement_insertions_atomic_only.henshin,2,100,10000,true,1,0.001,1,100,64,0.064,C:\Users\moeha\Cursor Projects\blockly-maze-modeling\blocky_game\blocky_momot\output_fg_refactored_full_l1_10_lvl1_run25
1,26,26,C:\Users\moeha\Cursor Projects\blockly-maze-modeling\blocky_game\..\blocky_momot\model\input\1.xmi,statement_insertions_atomic_only.henshin,2,100,10000,true,1,0.001,1,100,71,0.071,C:\Users\moeha\Cursor Projects\blockly-maze-modeling\blocky_game\blocky_momot\output_fg_refactored_full_l1_10_lvl1_run26
1,27,27,C:\Users\moeha\Cursor Projects\blockly-maze-modeling\blocky_game\..\blocky_momot\model\input\1.xmi,statement_insertions_atomic_only.henshin,2,100,10000,true,1,0.001,1,100,76,0.076,C:\Users\moeha\Cursor Projects\blockly-maze-modeling\blocky_game\blocky_momot\output_fg_refactored_full_l1_10_lvl1_run27
1,28,28,C:\Users\moeha\Cursor Projects\blockly-maze-modeling\blocky_game\..\blocky_momot\model\input\1.xmi,statement_insertions_atomic_only.henshin,2,100,10000,true,1,0.001,1,100,80,0.080,C:\Users\moeha\Cursor Projects\blockly-maze-modeling\blocky_game\blocky_momot\output_fg_refactored_full_l1_10_lvl1_run28
1,29,29,C:\Users\moeha\Cursor Projects\blockly-maze-modeling\blocky_game\..\blocky_momot\model\input\1.xmi,statement_insertions_atomic_only.henshin,2,100,10000,true,1,0.001,1,100,82,0.082,C:\Users\moeha\Cursor Projects\blockly-maze-modeling\blocky_game\blocky_momot\output_fg_refactored_full_l1_10_lvl1_run29
1,30,30,C:\Users\moeha\Cursor Projects\blockly-maze-modeling\blocky_game\..\blocky_momot\model\input\1.xmi,statement_insertions_atomic_only.henshin,2,100,10000,true,1,0.001,1,100,79,0.079,C:\Users\moeha\Cursor Projects\blockly-maze-modeling\blocky_game\blocky_momot\output_fg_refactored_full_l1_10_lvl1_run30
2,1,1,C:\Users\moeha\Cursor Projects\blockly-maze-modeling\blocky_game\..\blocky_momot\model\input\2.xmi,statement_insertions_atomic_only.henshin,8,100,10000,true,94,0.094,2,200,267,0.267,C:\Users\moeha\Cursor Projects\blockly-maze-modeling\blocky_game\blocky_momot\output_fg_refactored_full_l1_10_lvl2_run1
2,2,2,C:\Users\moeha\Cursor Projects\blockly-maze-modeling\blocky_game\..\blocky_momot\model\input\2.xmi,statement_insertions_atomic_only.henshin,8,100,10000,true,1,0.001,1,100,155,0.155,C:\Users\moeha\Cursor Projects\blockly-maze-modeling\blocky_game\blocky_momot\output_fg_refactored_full_l1_10_lvl2_run2
2,3,3,C:\Users\moeha\Cursor Projects\blockly-maze-modeling\blocky_game\..\blocky_momot\model\input\2.xmi,statement_insertions_atomic_only.henshin,8,100,10000,true,1,0.001,1,100,145,0.145,C:\Users\moeha\Cursor Projects\blockly-maze-modeling\blocky_game\blocky_momot\output_fg_refactored_full_l1_10_lvl2_run3
2,4,4,C:\Users\moeha\Cursor Projects\blockly-maze-modeling\blocky_game\..\blocky_momot\model\input\2.xmi,statement_insertions_atomic_only.henshin,8,100,10000,true,284,0.284,5,500,434,0.434,C:\Users\moeha\Cursor Projects\blockly-maze-modeling\blocky_game\blocky_momot\output_fg_refactored_full_l1_10_lvl2_run4
2,5,5,C:\Users\moeha\Cursor Projects\blockly-maze-modeling\blocky_game\..\blocky_momot\model\input\2.xmi,statement_insertions_atomic_only.henshin,8,100,10000,true,1,0.001,1,100,129,0.129,C:\Users\moeha\Cursor Projects\blockly-maze-modeling\blocky_game\blocky_momot\output_fg_refactored_full_l1_10_lvl2_run5
2,6,6,C:\Users\moeha\Cursor Projects\blockly-maze-modeling\blocky_game\..\blocky_momot\model\input\2.xmi,statement_insertions_atomic_only.henshin,8,100,10000,true,1,0.001,1,100,129,0.129,C:\Users\moeha\Cursor Projects\blockly-maze-modeling\blocky_game\blocky_momot\output_fg_refactored_full_l1_10_lvl2_run6
2,7,7,C:\Users\moeha\Cursor Projects\blockly-maze-modeling\blocky_game\..\blocky_momot\model\input\2.xmi,statement_insertions_atomic_only.henshin,8,100,10000,true,65,0.065,2,200,188,0.188,C:\Users\moeha\Cursor Projects\blockly-maze-modeling\blocky_game\blocky_momot\output_fg_refactored_full_l1_10_lvl2_run7
2,8,8,C:\Users\moeha\Cursor Projects\blockly-maze-modeling\blocky_game\..\blocky_momot\model\input\2.xmi,statement_insertions_atomic_only.henshin,8,100,10000,true,1,0.001,1,100,142,0.142,C:\Users\moeha\Cursor Projects\blockly-maze-modeling\blocky_game\blocky_momot\output_fg_refactored_full_l1_10_lvl2_run8
2,9,9,C:\Users\moeha\Cursor Projects\blockly-maze-modeling\blocky_game\..\blocky_momot\model\input\2.xmi,statement_insertions_atomic_only.henshin,8,100,10000,true,1,0.001,1,100,133,0.133,C:\Users\moeha\Cursor Projects\blockly-maze-modeling\blocky_game\blocky_momot\output_fg_refactored_full_l1_10_lvl2_run9
2,10,10,C:\Users\moeha\Cursor Projects\blockly-maze-modeling\blocky_game\..\blocky_momot\model\input\2.xmi,statement_insertions_atomic_only.henshin,8,100,10000,true,1,0.001,1,100,170,0.170,C:\Users\moeha\Cursor Projects\blockly-maze-modeling\blocky_game\blocky_momot\output_fg_refactored_full_l1_10_lvl2_run10
2,11,11,C:\Users\moeha\Cursor Projects\blockly-maze-modeling\blocky_game\..\blocky_momot\model\input\2.xmi,statement_insertions_atomic_only.henshin,8,100,10000,true,217,0.217,3,300,442,0.442,C:\Users\moeha\Cursor Projects\blockly-maze-modeling\blocky_game\blocky_momot\output_fg_refactored_full_l1_10_lvl2_run11
2,12,12,C:\Users\moeha\Cursor Projects\blockly-maze-modeling\blocky_game\..\blocky_momot\model\input\2.xmi,statement_insertions_atomic_only.henshin,8,100,10000,true,1,0.001,1,100,202,0.202,C:\Users\moeha\Cursor Projects\blockly-maze-modeling\blocky_game\blocky_momot\output_fg_refactored_full_l1_10_lvl2_run12
2,13,13,C:\Users\moeha\Cursor Projects\blockly-maze-modeling\blocky_game\..\blocky_momot\model\input\2.xmi,statement_insertions_atomic_only.henshin,8,100,10000,true,195,0.195,3,300,388,0.388,C:\Users\moeha\Cursor Projects\blockly-maze-modeling\blocky_game\blocky_momot\output_fg_refactored_full_l1_10_lvl2_run13
2,14,14,C:\Users\moeha\Cursor Projects\blockly-maze-modeling\blocky_game\..\blocky_momot\model\input\2.xmi,statement_insertions_atomic_only.henshin,8,100,10000,true,244,0.244,4,400,388,0.388,C:\Users\moeha\Cursor Projects\blockly-maze-modeling\blocky_game\blocky_momot\output_fg_refactored_full_l1_10_lvl2_run14
2,15,15,C:\Users\moeha\Cursor Projects\blockly-maze-modeling\blocky_game\..\blocky_momot\model\input\2.xmi,statement_insertions_atomic_only.henshin,8,100,10000,true,228,0.228,4,400,419,0.419,C:\Users\moeha\Cursor Projects\blockly-maze-modeling\blocky_game\blocky_momot\output_fg_refactored_full_l1_10_lvl2_run15
2,16,16,C:\Users\moeha\Cursor Projects\blockly-maze-modeling\blocky_game\..\blocky_momot\model\input\2.xmi,statement_insertions_atomic_only.henshin,8,100,10000,true,1,0.001,1,100,131,0.131,C:\Users\moeha\Cursor Projects\blockly-maze-modeling\blocky_game\blocky_momot\output_fg_refactored_full_l1_10_lvl2_run16
2,17,17,C:\Users\moeha\Cursor Projects\blockly-maze-modeling\blocky_game\..\blocky_momot\model\input\2.xmi,statement_insertions_atomic_only.henshin,8,100,10000,true,1,0.001,1,100,150,0.150,C:\Users\moeha\Cursor Projects\blockly-maze-modeling\blocky_game\blocky_momot\output_fg_refactored_full_l1_10_lvl2_run17
2,18,18,C:\Users\moeha\Cursor Projects\blockly-maze-modeling\blocky_game\..\blocky_momot\model\input\2.xmi,statement_insertions_atomic_only.henshin,8,100,10000,true,1,0.001,1,100,152,0.152,C:\Users\moeha\Cursor Projects\blockly-maze-modeling\blocky_game\blocky_momot\output_fg_refactored_full_l1_10_lvl2_run18
2,19,19,C:\Users\moeha\Cursor Projects\blockly-maze-modeling\blocky_game\..\blocky_momot\model\input\2.xmi,statement_insertions_atomic_only.henshin,8,100,10000,true,80,0.080,2,200,230,0.230,C:\Users\moeha\Cursor Projects\blockly-maze-modeling\blocky_game\blocky_momot\output_fg_refactored_full_l1_10_lvl2_run19
2,20,20,C:\Users\moeha\Cursor Projects\blockly-maze-modeling\blocky_game\..\blocky_momot\model\input\2.xmi,statement_insertions_atomic_only.henshin,8,100,10000,true,155,0.155,3,300,353,0.353,C:\Users\moeha\Cursor Projects\blockly-maze-modeling\blocky_game\blocky_momot\output_fg_refactored_full_l1_10_lvl2_run20
2,21,21,C:\Users\moeha\Cursor Projects\blockly-maze-modeling\blocky_game\..\blocky_momot\model\input\2.xmi,statement_insertions_atomic_only.henshin,8,100,10000,true,1,0.001,1,100,159,0.159,C:\Users\moeha\Cursor Projects\blockly-maze-modeling\blocky_game\blocky_momot\output_fg_refactored_full_l1_10_lvl2_run21
2,22,22,C:\Users\moeha\Cursor Projects\blockly-maze-modeling\blocky_game\..\blocky_momot\model\input\2.xmi,statement_insertions_atomic_only.henshin,8,100,10000,true,1,0.001,1,100,144,0.144,C:\Users\moeha\Cursor Projects\blockly-maze-modeling\blocky_game\blocky_momot\output_fg_refactored_full_l1_10_lvl2_run22
2,23,23,C:\Users\moeha\Cursor Projects\blockly-maze-modeling\blocky_game\..\blocky_momot\model\input\2.xmi,statement_insertions_atomic_only.henshin,8,100,10000,true,1,0.001,1,100,142,0.142,C:\Users\moeha\Cursor Projects\blockly-maze-modeling\blocky_game\blocky_momot\output_fg_refactored_full_l1_10_lvl2_run23
2,24,24,C:\Users\moeha\Cursor Projects\blockly-maze-modeling\blocky_game\..\blocky_momot\model\input\2.xmi,statement_insertions_atomic_only.henshin,8,100,10000,true,1,0.001,1,100,126,0.126,C:\Users\moeha\Cursor Projects\blockly-maze-modeling\blocky_game\blocky_momot\output_fg_refactored_full_l1_10_lvl2_run24
2,25,25,C:\Users\moeha\Cursor Projects\blockly-maze-modeling\blocky_game\..\blocky_momot\model\input\2.xmi,statement_insertions_atomic_only.henshin,8,100,10000,true,1,0.001,1,100,154,0.154,C:\Users\moeha\Cursor Projects\blockly-maze-modeling\blocky_game\blocky_momot\output_fg_refactored_full_l1_10_lvl2_run25
2,26,26,C:\Users\moeha\Cursor Projects\blockly-maze-modeling\blocky_game\..\blocky_momot\model\input\2.xmi,statement_insertions_atomic_only.henshin,8,100,10000,true,1,0.001,1,100,144,0.144,C:\Users\moeha\Cursor Projects\blockly-maze-modeling\blocky_game\blocky_momot\output_fg_refactored_full_l1_10_lvl2_run26
2,27,27,C:\Users\moeha\Cursor Projects\blockly-maze-modeling\blocky_game\..\blocky_momot\model\input\2.xmi,statement_insertions_atomic_only.henshin,8,100,10000,true,1,0.001,1,100,170,0.170,C:\Users\moeha\Cursor Projects\blockly-maze-modeling\blocky_game\blocky_momot\output_fg_refactored_full_l1_10_lvl2_run27
2,28,28,C:\Users\moeha\Cursor Projects\blockly-maze-modeling\blocky_game\..\blocky_momot\model\input\2.xmi,statement_insertions_atomic_only.henshin,8,100,10000,true,75,0.075,2,200,214,0.214,C:\Users\moeha\Cursor Projects\blockly-maze-modeling\blocky_game\blocky_momot\output_fg_refactored_full_l1_10_lvl2_run28
2,29,29,C:\Users\moeha\Cursor Projects\blockly-maze-modeling\blocky_game\..\blocky_momot\model\input\2.xmi,statement_insertions_atomic_only.henshin,8,100,10000,true,1,0.001,1,100,149,0.149,C:\Users\moeha\Cursor Projects\blockly-maze-modeling\blocky_game\blocky_momot\output_fg_refactored_full_l1_10_lvl2_run29
2,30,30,C:\Users\moeha\Cursor Projects\blockly-maze-modeling\blocky_game\..\blocky_momot\model\input\2.xmi,statement_insertions_atomic_only.henshin,8,100,10000,true,1,0.001,1,100,133,0.133,C:\Users\moeha\Cursor Projects\blockly-maze-modeling\blocky_game\blocky_momot\output_fg_refactored_full_l1_10_lvl2_run30
3,1,1,C:\Users\moeha\Cursor Projects\blockly-maze-modeling\blocky_game\..\blocky_momot\model\input\3.xmi,statement_insertions_no_conds.henshin,2,100,10000,true,1,0.001,1,100,102,0.102,C:\Users\moeha\Cursor Projects\blockly-maze-modeling\blocky_game\blocky_momot\output_fg_refactored_full_l1_10_lvl3_run1
3,2,2,C:\Users\moeha\Cursor Projects\blockly-maze-modeling\blocky_game\..\blocky_momot\model\input\3.xmi,statement_insertions_no_conds.henshin,2,100,10000,true,79,0.079,3,300,166,0.166,C:\Users\moeha\Cursor Projects\blockly-maze-modeling\blocky_game\blocky_momot\output_fg_refactored_full_l1_10_lvl3_run2
3,3,3,C:\Users\moeha\Cursor Projects\blockly-maze-modeling\blocky_game\..\blocky_momot\model\input\3.xmi,statement_insertions_no_conds.henshin,2,100,10000,true,1,0.001,1,100,101,0.101,C:\Users\moeha\Cursor Projects\blockly-maze-modeling\blocky_game\blocky_momot\output_fg_refactored_full_l1_10_lvl3_run3
3,4,4,C:\Users\moeha\Cursor Projects\blockly-maze-modeling\blocky_game\..\blocky_momot\model\input\3.xmi,statement_insertions_no_conds.henshin,2,100,10000,true,66,0.066,3,300,164,0.164,C:\Users\moeha\Cursor Projects\blockly-maze-modeling\blocky_game\blocky_momot\output_fg_refactored_full_l1_10_lvl3_run4
3,5,5,C:\Users\moeha\Cursor Projects\blockly-maze-modeling\blocky_game\..\blocky_momot\model\input\3.xmi,statement_insertions_no_conds.henshin,2,100,10000,true,103,0.103,4,400,189,0.189,C:\Users\moeha\Cursor Projects\blockly-maze-modeling\blocky_game\blocky_momot\output_fg_refactored_full_l1_10_lvl3_run5
3,6,6,C:\Users\moeha\Cursor Projects\blockly-maze-modeling\blocky_game\..\blocky_momot\model\input\3.xmi,statement_insertions_no_conds.henshin,2,100,10000,true,235,0.235,12,1200,332,0.332,C:\Users\moeha\Cursor Projects\blockly-maze-modeling\blocky_game\blocky_momot\output_fg_refactored_full_l1_10_lvl3_run6
3,7,7,C:\Users\moeha\Cursor Projects\blockly-maze-modeling\blocky_game\..\blocky_momot\model\input\3.xmi,statement_insertions_no_conds.henshin,2,100,10000,true,1,0.001,1,100,74,0.074,C:\Users\moeha\Cursor Projects\blockly-maze-modeling\blocky_game\blocky_momot\output_fg_refactored_full_l1_10_lvl3_run7
3,8,8,C:\Users\moeha\Cursor Projects\blockly-maze-modeling\blocky_game\..\blocky_momot\model\input\3.xmi,statement_insertions_no_conds.henshin,2,100,10000,true,82,0.082,3,300,184,0.184,C:\Users\moeha\Cursor Projects\blockly-maze-modeling\blocky_game\blocky_momot\output_fg_refactored_full_l1_10_lvl3_run8
3,9,9,C:\Users\moeha\Cursor Projects\blockly-maze-modeling\blocky_game\..\blocky_momot\model\input\3.xmi,statement_insertions_no_conds.henshin,2,100,10000,true,41,0.041,2,200,129,0.129,C:\Users\moeha\Cursor Projects\blockly-maze-modeling\blocky_game\blocky_momot\output_fg_refactored_full_l1_10_lvl3_run9
3,10,10,C:\Users\moeha\Cursor Projects\blockly-maze-modeling\blocky_game\..\blocky_momot\model\input\3.xmi,statement_insertions_no_conds.henshin,2,100,10000,true,1,0.001,1,100,84,0.084,C:\Users\moeha\Cursor Projects\blockly-maze-modeling\blocky_game\blocky_momot\output_fg_refactored_full_l1_10_lvl3_run10
3,11,11,C:\Users\moeha\Cursor Projects\blockly-maze-modeling\blocky_game\..\blocky_momot\model\input\3.xmi,statement_insertions_no_conds.henshin,2,100,10000,true,32,0.032,2,200,113,0.113,C:\Users\moeha\Cursor Projects\blockly-maze-modeling\blocky_game\blocky_momot\output_fg_refactored_full_l1_10_lvl3_run11
3,12,12,C:\Users\moeha\Cursor Projects\blockly-maze-modeling\blocky_game\..\blocky_momot\model\input\3.xmi,statement_insertions_no_conds.henshin,2,100,10000,true,1,0.001,1,100,102,0.102,C:\Users\moeha\Cursor Projects\blockly-maze-modeling\blocky_game\blocky_momot\output_fg_refactored_full_l1_10_lvl3_run12
3,13,13,C:\Users\moeha\Cursor Projects\blockly-maze-modeling\blocky_game\..\blocky_momot\model\input\3.xmi,statement_insertions_no_conds.henshin,2,100,10000,true,1,0.001,1,100,79,0.079,C:\Users\moeha\Cursor Projects\blockly-maze-modeling\blocky_game\blocky_momot\output_fg_refactored_full_l1_10_lvl3_run13
3,14,14,C:\Users\moeha\Cursor Projects\blockly-maze-modeling\blocky_game\..\blocky_momot\model\input\3.xmi,statement_insertions_no_conds.henshin,2,100,10000,true,1,0.001,1,100,82,0.082,C:\Users\moeha\Cursor Projects\blockly-maze-modeling\blocky_game\blocky_momot\output_fg_refactored_full_l1_10_lvl3_run14
3,15,15,C:\Users\moeha\Cursor Projects\blockly-maze-modeling\blocky_game\..\blocky_momot\model\input\3.xmi,statement_insertions_no_conds.henshin,2,100,10000,true,1,0.001,1,100,84,0.084,C:\Users\moeha\Cursor Projects\blockly-maze-modeling\blocky_game\blocky_momot\output_fg_refactored_full_l1_10_lvl3_run15
3,16,16,C:\Users\moeha\Cursor Projects\blockly-maze-modeling\blocky_game\..\blocky_momot\model\input\3.xmi,statement_insertions_no_conds.henshin,2,100,10000,true,1,0.001,1,100,78,0.078,C:\Users\moeha\Cursor Projects\blockly-maze-modeling\blocky_game\blocky_momot\output_fg_refactored_full_l1_10_lvl3_run16
3,17,17,C:\Users\moeha\Cursor Projects\blockly-maze-modeling\blocky_game\..\blocky_momot\model\input\3.xmi,statement_insertions_no_conds.henshin,2,100,10000,true,1,0.001,1,100,88,0.088,C:\Users\moeha\Cursor Projects\blockly-maze-modeling\blocky_game\blocky_momot\output_fg_refactored_full_l1_10_lvl3_run17
3,18,18,C:\Users\moeha\Cursor Projects\blockly-maze-modeling\blocky_game\..\blocky_momot\model\input\3.xmi,statement_insertions_no_conds.henshin,2,100,10000,true,1,0.001,1,100,83,0.083,C:\Users\moeha\Cursor Projects\blockly-maze-modeling\blocky_game\blocky_momot\output_fg_refactored_full_l1_10_lvl3_run18
3,19,19,C:\Users\moeha\Cursor Projects\blockly-maze-modeling\blocky_game\..\blocky_momot\model\input\3.xmi,statement_insertions_no_conds.henshin,2,100,10000,true,123,0.123,5,500,197,0.197,C:\Users\moeha\Cursor Projects\blockly-maze-modeling\blocky_game\blocky_momot\output_fg_refactored_full_l1_10_lvl3_run19
3,20,20,C:\Users\moeha\Cursor Projects\blockly-maze-modeling\blocky_game\..\blocky_momot\model\input\3.xmi,statement_insertions_no_conds.henshin,2,100,10000,true,102,0.102,4,400,178,0.178,C:\Users\moeha\Cursor Projects\blockly-maze-modeling\blocky_game\blocky_momot\output_fg_refactored_full_l1_10_lvl3_run20
3,21,21,C:\Users\moeha\Cursor Projects\blockly-maze-modeling\blocky_game\..\blocky_momot\model\input\3.xmi,statement_insertions_no_conds.henshin,2,100,10000,true,69,0.069,3,300,148,0.148,C:\Users\moeha\Cursor Projects\blockly-maze-modeling\blocky_game\blocky_momot\output_fg_refactored_full_l1_10_lvl3_run21
3,22,22,C:\Users\moeha\Cursor Projects\blockly-maze-modeling\blocky_game\..\blocky_momot\model\input\3.xmi,statement_insertions_no_conds.henshin,2,100,10000,true,1,0.001,1,100,84,0.084,C:\Users\moeha\Cursor Projects\blockly-maze-modeling\blocky_game\blocky_momot\output_fg_refactored_full_l1_10_lvl3_run22
3,23,23,C:\Users\moeha\Cursor Projects\blockly-maze-modeling\blocky_game\..\blocky_momot\model\input\3.xmi,statement_insertions_no_conds.henshin,2,100,10000,true,39,0.039,2,200,115,0.115,C:\Users\moeha\Cursor Projects\blockly-maze-modeling\blocky_game\blocky_momot\output_fg_refactored_full_l1_10_lvl3_run23
3,24,24,C:\Users\moeha\Cursor Projects\blockly-maze-modeling\blocky_game\..\blocky_momot\model\input\3.xmi,statement_insertions_no_conds.henshin,2,100,10000,true,103,0.103,4,400,214,0.214,C:\Users\moeha\Cursor Projects\blockly-maze-modeling\blocky_game\blocky_momot\output_fg_refactored_full_l1_10_lvl3_run24
3,25,25,C:\Users\moeha\Cursor Projects\blockly-maze-modeling\blocky_game\..\blocky_momot\model\input\3.xmi,statement_insertions_no_conds.henshin,2,100,10000,true,39,0.039,2,200,138,0.138,C:\Users\moeha\Cursor Projects\blockly-maze-modeling\blocky_game\blocky_momot\output_fg_refactored_full_l1_10_lvl3_run25
3,26,26,C:\Users\moeha\Cursor Projects\blockly-maze-modeling\blocky_game\..\blocky_momot\model\input\3.xmi,statement_insertions_no_conds.henshin,2,100,10000,true,1,0.001,1,100,75,0.075,C:\Users\moeha\Cursor Projects\blockly-maze-modeling\blocky_game\blocky_momot\output_fg_refactored_full_l1_10_lvl3_run26
3,27,27,C:\Users\moeha\Cursor Projects\blockly-maze-modeling\blocky_game\..\blocky_momot\model\input\3.xmi,statement_insertions_no_conds.henshin,2,100,10000,true,1,0.001,1,100,87,0.087,C:\Users\moeha\Cursor Projects\blockly-maze-modeling\blocky_game\blocky_momot\output_fg_refactored_full_l1_10_lvl3_run27
3,28,28,C:\Users\moeha\Cursor Projects\blockly-maze-modeling\blocky_game\..\blocky_momot\model\input\3.xmi,statement_insertions_no_conds.henshin,2,100,10000,true,1,0.001,1,100,91,0.091,C:\Users\moeha\Cursor Projects\blockly-maze-modeling\blocky_game\blocky_momot\output_fg_refactored_full_l1_10_lvl3_run28
3,29,29,C:\Users\moeha\Cursor Projects\blockly-maze-modeling\blocky_game\..\blocky_momot\model\input\3.xmi,statement_insertions_no_conds.henshin,2,100,10000,true,1,0.001,1,100,89,0.089,C:\Users\moeha\Cursor Projects\blockly-maze-modeling\blocky_game\blocky_momot\output_fg_refactored_full_l1_10_lvl3_run29
3,30,30,C:\Users\moeha\Cursor Projects\blockly-maze-modeling\blocky_game\..\blocky_momot\model\input\3.xmi,statement_insertions_no_conds.henshin,2,100,10000,true,1,0.001,1,100,117,0.117,C:\Users\moeha\Cursor Projects\blockly-maze-modeling\blocky_game\blocky_momot\output_fg_refactored_full_l1_10_lvl3_run30
4,1,1,C:\Users\moeha\Cursor Projects\blockly-maze-modeling\blocky_game\..\blocky_momot\model\input\4.xmi,statement_insertions_no_conds.henshin,11,100,10000,false,,,,,3309,3.309,C:\Users\moeha\Cursor Projects\blockly-maze-modeling\blocky_game\blocky_momot\output_fg_refactored_full_l1_10_lvl4_run1
4,2,2,C:\Users\moeha\Cursor Projects\blockly-maze-modeling\blocky_game\..\blocky_momot\model\input\4.xmi,statement_insertions_no_conds.henshin,11,100,10000,false,,,,,2959,2.959,C:\Users\moeha\Cursor Projects\blockly-maze-modeling\blocky_game\blocky_momot\output_fg_refactored_full_l1_10_lvl4_run2
4,3,3,C:\Users\moeha\Cursor Projects\blockly-maze-modeling\blocky_game\..\blocky_momot\model\input\4.xmi,statement_insertions_no_conds.henshin,11,100,10000,false,,,,,3040,3.040,C:\Users\moeha\Cursor Projects\blockly-maze-modeling\blocky_game\blocky_momot\output_fg_refactored_full_l1_10_lvl4_run3
4,4,4,C:\Users\moeha\Cursor Projects\blockly-maze-modeling\blocky_game\..\blocky_momot\model\input\4.xmi,statement_insertions_no_conds.henshin,11,100,10000,false,,,,,3060,3.060,C:\Users\moeha\Cursor Projects\blockly-maze-modeling\blocky_game\blocky_momot\output_fg_refactored_full_l1_10_lvl4_run4
4,5,5,C:\Users\moeha\Cursor Projects\blockly-maze-modeling\blocky_game\..\blocky_momot\model\input\4.xmi,statement_insertions_no_conds.henshin,11,100,10000,false,,,,,2899,2.899,C:\Users\moeha\Cursor Projects\blockly-maze-modeling\blocky_game\blocky_momot\output_fg_refactored_full_l1_10_lvl4_run5
4,6,6,C:\Users\moeha\Cursor Projects\blockly-maze-modeling\blocky_game\..\blocky_momot\model\input\4.xmi,statement_insertions_no_conds.henshin,11,100,10000,false,,,,,2845,2.845,C:\Users\moeha\Cursor Projects\blockly-maze-modeling\blocky_game\blocky_momot\output_fg_refactored_full_l1_10_lvl4_run6
4,7,7,C:\Users\moeha\Cursor Projects\blockly-maze-modeling\blocky_game\..\blocky_momot\model\input\4.xmi,statement_insertions_no_conds.henshin,11,100,10000,false,,,,,5051,5.051,C:\Users\moeha\Cursor Projects\blockly-maze-modeling\blocky_game\blocky_momot\output_fg_refactored_full_l1_10_lvl4_run7
4,8,8,C:\Users\moeha\Cursor Projects\blockly-maze-modeling\blocky_game\..\blocky_momot\model\input\4.xmi,statement_insertions_no_conds.henshin,11,100,10000,false,,,,,3225,3.225,C:\Users\moeha\Cursor Projects\blockly-maze-modeling\blocky_game\blocky_momot\output_fg_refactored_full_l1_10_lvl4_run8
4,9,9,C:\Users\moeha\Cursor Projects\blockly-maze-modeling\blocky_game\..\blocky_momot\model\input\4.xmi,statement_insertions_no_conds.henshin,11,100,10000,false,,,,,3405,3.405,C:\Users\moeha\Cursor Projects\blockly-maze-modeling\blocky_game\blocky_momot\output_fg_refactored_full_l1_10_lvl4_run9
4,10,10,C:\Users\moeha\Cursor Projects\blockly-maze-modeling\blocky_game\..\blocky_momot\model\input\4.xmi,statement_insertions_no_conds.henshin,11,100,10000,false,,,,,3213,3.213,C:\Users\moeha\Cursor Projects\blockly-maze-modeling\blocky_game\blocky_momot\output_fg_refactored_full_l1_10_lvl4_run10
4,11,11,C:\Users\moeha\Cursor Projects\blockly-maze-modeling\blocky_game\..\blocky_momot\model\input\4.xmi,statement_insertions_no_conds.henshin,11,100,10000,false,,,,,3260,3.260,C:\Users\moeha\Cursor Projects\blockly-maze-modeling\blocky_game\blocky_momot\output_fg_refactored_full_l1_10_lvl4_run11
4,12,12,C:\Users\moeha\Cursor Projects\blockly-maze-modeling\blocky_game\..\blocky_momot\model\input\4.xmi,statement_insertions_no_conds.henshin,11,100,10000,false,,,,,3014,3.014,C:\Users\moeha\Cursor Projects\blockly-maze-modeling\blocky_game\blocky_momot\output_fg_refactored_full_l1_10_lvl4_run12
4,13,13,C:\Users\moeha\Cursor Projects\blockly-maze-modeling\blocky_game\..\blocky_momot\model\input\4.xmi,statement_insertions_no_conds.henshin,11,100,10000,false,,,,,2761,2.761,C:\Users\moeha\Cursor Projects\blockly-maze-modeling\blocky_game\blocky_momot\output_fg_refactored_full_l1_10_lvl4_run13
4,14,14,C:\Users\moeha\Cursor Projects\blockly-maze-modeling\blocky_game\..\blocky_momot\model\input\4.xmi,statement_insertions_no_conds.henshin,11,100,10000,false,,,,,3288,3.288,C:\Users\moeha\Cursor Projects\blockly-maze-modeling\blocky_game\blocky_momot\output_fg_refactored_full_l1_10_lvl4_run14
4,15,15,C:\Users\moeha\Cursor Projects\blockly-maze-modeling\blocky_game\..\blocky_momot\model\input\4.xmi,statement_insertions_no_conds.henshin,11,100,10000,false,,,,,3116,3.116,C:\Users\moeha\Cursor Projects\blockly-maze-modeling\blocky_game\blocky_momot\output_fg_refactored_full_l1_10_lvl4_run15
4,16,16,C:\Users\moeha\Cursor Projects\blockly-maze-modeling\blocky_game\..\blocky_momot\model\input\4.xmi,statement_insertions_no_conds.henshin,11,100,10000,false,,,,,3303,3.303,C:\Users\moeha\Cursor Projects\blockly-maze-modeling\blocky_game\blocky_momot\output_fg_refactored_full_l1_10_lvl4_run16
4,17,17,C:\Users\moeha\Cursor Projects\blockly-maze-modeling\blocky_game\..\blocky_momot\model\input\4.xmi,statement_insertions_no_conds.henshin,11,100,10000,true,254,0.254,4,400,428,0.428,C:\Users\moeha\Cursor Projects\blockly-maze-modeling\blocky_game\blocky_momot\output_fg_refactored_full_l1_10_lvl4_run17
4,18,18,C:\Users\moeha\Cursor Projects\blockly-maze-modeling\blocky_game\..\blocky_momot\model\input\4.xmi,statement_insertions_no_conds.henshin,11,100,10000,false,,,,,2889,2.889,C:\Users\moeha\Cursor Projects\blockly-maze-modeling\blocky_game\blocky_momot\output_fg_refactored_full_l1_10_lvl4_run18
4,19,19,C:\Users\moeha\Cursor Projects\blockly-maze-modeling\blocky_game\..\blocky_momot\model\input\4.xmi,statement_insertions_no_conds.henshin,11,100,10000,false,,,,,2833,2.833,C:\Users\moeha\Cursor Projects\blockly-maze-modeling\blocky_game\blocky_momot\output_fg_refactored_full_l1_10_lvl4_run19
4,20,20,C:\Users\moeha\Cursor Projects\blockly-maze-modeling\blocky_game\..\blocky_momot\model\input\4.xmi,statement_insertions_no_conds.henshin,11,100,10000,false,,,,,2697,2.697,C:\Users\moeha\Cursor Projects\blockly-maze-modeling\blocky_game\blocky_momot\output_fg_refactored_full_l1_10_lvl4_run20
4,21,21,C:\Users\moeha\Cursor Projects\blockly-maze-modeling\blocky_game\..\blocky_momot\model\input\4.xmi,statement_insertions_no_conds.henshin,11,100,10000,false,,,,,2638,2.638,C:\Users\moeha\Cursor Projects\blockly-maze-modeling\blocky_game\blocky_momot\output_fg_refactored_full_l1_10_lvl4_run21
4,22,22,C:\Users\moeha\Cursor Projects\blockly-maze-modeling\blocky_game\..\blocky_momot\model\input\4.xmi,statement_insertions_no_conds.henshin,11,100,10000,false,,,,,2697,2.697,C:\Users\moeha\Cursor Projects\blockly-maze-modeling\blocky_game\blocky_momot\output_fg_refactored_full_l1_10_lvl4_run22
4,23,23,C:\Users\moeha\Cursor Projects\blockly-maze-modeling\blocky_game\..\blocky_momot\model\input\4.xmi,statement_insertions_no_conds.henshin,11,100,10000,false,,,,,3023,3.023,C:\Users\moeha\Cursor Projects\blockly-maze-modeling\blocky_game\blocky_momot\output_fg_refactored_full_l1_10_lvl4_run23
4,24,24,C:\Users\moeha\Cursor Projects\blockly-maze-modeling\blocky_game\..\blocky_momot\model\input\4.xmi,statement_insertions_no_conds.henshin,11,100,10000,false,,,,,2725,2.725,C:\Users\moeha\Cursor Projects\blockly-maze-modeling\blocky_game\blocky_momot\output_fg_refactored_full_l1_10_lvl4_run24
4,25,25,C:\Users\moeha\Cursor Projects\blockly-maze-modeling\blocky_game\..\blocky_momot\model\input\4.xmi,statement_insertions_no_conds.henshin,11,100,10000,false,,,,,2740,2.740,C:\Users\moeha\Cursor Projects\blockly-maze-modeling\blocky_game\blocky_momot\output_fg_refactored_full_l1_10_lvl4_run25
4,26,26,C:\Users\moeha\Cursor Projects\blockly-maze-modeling\blocky_game\..\blocky_momot\model\input\4.xmi,statement_insertions_no_conds.henshin,11,100,10000,false,,,,,3148,3.148,C:\Users\moeha\Cursor Projects\blockly-maze-modeling\blocky_game\blocky_momot\output_fg_refactored_full_l1_10_lvl4_run26
4,27,27,C:\Users\moeha\Cursor Projects\blockly-maze-modeling\blocky_game\..\blocky_momot\model\input\4.xmi,statement_insertions_no_conds.henshin,11,100,10000,false,,,,,2687,2.687,C:\Users\moeha\Cursor Projects\blockly-maze-modeling\blocky_game\blocky_momot\output_fg_refactored_full_l1_10_lvl4_run27
4,28,28,C:\Users\moeha\Cursor Projects\blockly-maze-modeling\blocky_game\..\blocky_momot\model\input\4.xmi,statement_insertions_no_conds.henshin,11,100,10000,false,,,,,2674,2.674,C:\Users\moeha\Cursor Projects\blockly-maze-modeling\blocky_game\blocky_momot\output_fg_refactored_full_l1_10_lvl4_run28
4,29,29,C:\Users\moeha\Cursor Projects\blockly-maze-modeling\blocky_game\..\blocky_momot\model\input\4.xmi,statement_insertions_no_conds.henshin,11,100,10000,false,,,,,2720,2.720,C:\Users\moeha\Cursor Projects\blockly-maze-modeling\blocky_game\blocky_momot\output_fg_refactored_full_l1_10_lvl4_run29
4,30,30,C:\Users\moeha\Cursor Projects\blockly-maze-modeling\blocky_game\..\blocky_momot\model\input\4.xmi,statement_insertions_no_conds.henshin,11,100,10000,true,911,0.911,13,1300,1097,1.097,C:\Users\moeha\Cursor Projects\blockly-maze-modeling\blocky_game\blocky_momot\output_fg_refactored_full_l1_10_lvl4_run30
5,1,1,C:\Users\moeha\Cursor Projects\blockly-maze-modeling\blocky_game\..\blocky_momot\model\input\5.xmi,statement_insertions_no_conds.henshin,8,100,10000,false,,,,,2588,2.588,C:\Users\moeha\Cursor Projects\blockly-maze-modeling\blocky_game\blocky_momot\output_fg_refactored_full_l1_10_lvl5_run1
5,2,2,C:\Users\moeha\Cursor Projects\blockly-maze-modeling\blocky_game\..\blocky_momot\model\input\5.xmi,statement_insertions_no_conds.henshin,8,100,10000,false,,,,,2411,2.411,C:\Users\moeha\Cursor Projects\blockly-maze-modeling\blocky_game\blocky_momot\output_fg_refactored_full_l1_10_lvl5_run2
5,3,3,C:\Users\moeha\Cursor Projects\blockly-maze-modeling\blocky_game\..\blocky_momot\model\input\5.xmi,statement_insertions_no_conds.henshin,8,100,10000,false,,,,,2591,2.591,C:\Users\moeha\Cursor Projects\blockly-maze-modeling\blocky_game\blocky_momot\output_fg_refactored_full_l1_10_lvl5_run3
5,4,4,C:\Users\moeha\Cursor Projects\blockly-maze-modeling\blocky_game\..\blocky_momot\model\input\5.xmi,statement_insertions_no_conds.henshin,8,100,10000,true,432,0.432,8,800,574,0.574,C:\Users\moeha\Cursor Projects\blockly-maze-modeling\blocky_game\blocky_momot\output_fg_refactored_full_l1_10_lvl5_run4
5,5,5,C:\Users\moeha\Cursor Projects\blockly-maze-modeling\blocky_game\..\blocky_momot\model\input\5.xmi,statement_insertions_no_conds.henshin,8,100,10000,false,,,,,2328,2.328,C:\Users\moeha\Cursor Projects\blockly-maze-modeling\blocky_game\blocky_momot\output_fg_refactored_full_l1_10_lvl5_run5
5,6,6,C:\Users\moeha\Cursor Projects\blockly-maze-modeling\blocky_game\..\blocky_momot\model\input\5.xmi,statement_insertions_no_conds.henshin,8,100,10000,true,65,0.065,2,200,189,0.189,C:\Users\moeha\Cursor Projects\blockly-maze-modeling\blocky_game\blocky_momot\output_fg_refactored_full_l1_10_lvl5_run6
5,7,7,C:\Users\moeha\Cursor Projects\blockly-maze-modeling\blocky_game\..\blocky_momot\model\input\5.xmi,statement_insertions_no_conds.henshin,8,100,10000,false,,,,,2576,2.576,C:\Users\moeha\Cursor Projects\blockly-maze-modeling\blocky_game\blocky_momot\output_fg_refactored_full_l1_10_lvl5_run7
5,8,8,C:\Users\moeha\Cursor Projects\blockly-maze-modeling\blocky_game\..\blocky_momot\model\input\5.xmi,statement_insertions_no_conds.henshin,8,100,10000,true,1030,1.030,30,3000,1158,1.158,C:\Users\moeha\Cursor Projects\blockly-maze-modeling\blocky_game\blocky_momot\output_fg_refactored_full_l1_10_lvl5_run8
5,9,9,C:\Users\moeha\Cursor Projects\blockly-maze-modeling\blocky_game\..\blocky_momot\model\input\5.xmi,statement_insertions_no_conds.henshin,8,100,10000,false,,,,,2641,2.641,C:\Users\moeha\Cursor Projects\blockly-maze-modeling\blocky_game\blocky_momot\output_fg_refactored_full_l1_10_lvl5_run9
5,10,10,C:\Users\moeha\Cursor Projects\blockly-maze-modeling\blocky_game\..\blocky_momot\model\input\5.xmi,statement_insertions_no_conds.henshin,8,100,10000,true,1,0.001,1,100,123,0.123,C:\Users\moeha\Cursor Projects\blockly-maze-modeling\blocky_game\blocky_momot\output_fg_refactored_full_l1_10_lvl5_run10
5,11,11,C:\Users\moeha\Cursor Projects\blockly-maze-modeling\blocky_game\..\blocky_momot\model\input\5.xmi,statement_insertions_no_conds.henshin,8,100,10000,false,,,,,2539,2.539,C:\Users\moeha\Cursor Projects\blockly-maze-modeling\blocky_game\blocky_momot\output_fg_refactored_full_l1_10_lvl5_run11
5,12,12,C:\Users\moeha\Cursor Projects\blockly-maze-modeling\blocky_game\..\blocky_momot\model\input\5.xmi,statement_insertions_no_conds.henshin,8,100,10000,false,,,,,2694,2.694,C:\Users\moeha\Cursor Projects\blockly-maze-modeling\blocky_game\blocky_momot\output_fg_refactored_full_l1_10_lvl5_run12
5,13,13,C:\Users\moeha\Cursor Projects\blockly-maze-modeling\blocky_game\..\blocky_momot\model\input\5.xmi,statement_insertions_no_conds.henshin,8,100,10000,false,,,,,2397,2.397,C:\Users\moeha\Cursor Projects\blockly-maze-modeling\blocky_game\blocky_momot\output_fg_refactored_full_l1_10_lvl5_run13
5,14,14,C:\Users\moeha\Cursor Projects\blockly-maze-modeling\blocky_game\..\blocky_momot\model\input\5.xmi,statement_insertions_no_conds.henshin,8,100,10000,false,,,,,2639,2.639,C:\Users\moeha\Cursor Projects\blockly-maze-modeling\blocky_game\blocky_momot\output_fg_refactored_full_l1_10_lvl5_run14
5,15,15,C:\Users\moeha\Cursor Projects\blockly-maze-modeling\blocky_game\..\blocky_momot\model\input\5.xmi,statement_insertions_no_conds.henshin,8,100,10000,false,,,,,2430,2.430,C:\Users\moeha\Cursor Projects\blockly-maze-modeling\blocky_game\blocky_momot\output_fg_refactored_full_l1_10_lvl5_run15
5,16,16,C:\Users\moeha\Cursor Projects\blockly-maze-modeling\blocky_game\..\blocky_momot\model\input\5.xmi,statement_insertions_no_conds.henshin,8,100,10000,true,2146,2.146,88,8800,2280,2.280,C:\Users\moeha\Cursor Projects\blockly-maze-modeling\blocky_game\blocky_momot\output_fg_refactored_full_l1_10_lvl5_run16
5,17,17,C:\Users\moeha\Cursor Projects\blockly-maze-modeling\blocky_game\..\blocky_momot\model\input\5.xmi,statement_insertions_no_conds.henshin,8,100,10000,true,1548,1.548,61,6100,1673,1.673,C:\Users\moeha\Cursor Projects\blockly-maze-modeling\blocky_game\blocky_momot\output_fg_refactored_full_l1_10_lvl5_run17
5,18,18,C:\Users\moeha\Cursor Projects\blockly-maze-modeling\blocky_game\..\blocky_momot\model\input\5.xmi,statement_insertions_no_conds.henshin,8,100,10000,false,,,,,2400,2.400,C:\Users\moeha\Cursor Projects\blockly-maze-modeling\blocky_game\blocky_momot\output_fg_refactored_full_l1_10_lvl5_run18
5,19,19,C:\Users\moeha\Cursor Projects\blockly-maze-modeling\blocky_game\..\blocky_momot\model\input\5.xmi,statement_insertions_no_conds.henshin,8,100,10000,true,314,0.314,6,600,452,0.452,C:\Users\moeha\Cursor Projects\blockly-maze-modeling\blocky_game\blocky_momot\output_fg_refactored_full_l1_10_lvl5_run19
5,20,20,C:\Users\moeha\Cursor Projects\blockly-maze-modeling\blocky_game\..\blocky_momot\model\input\5.xmi,statement_insertions_no_conds.henshin,8,100,10000,false,,,,,2701,2.701,C:\Users\moeha\Cursor Projects\blockly-maze-modeling\blocky_game\blocky_momot\output_fg_refactored_full_l1_10_lvl5_run20
5,21,21,C:\Users\moeha\Cursor Projects\blockly-maze-modeling\blocky_game\..\blocky_momot\model\input\5.xmi,statement_insertions_no_conds.henshin,8,100,10000,false,,,,,2537,2.537,C:\Users\moeha\Cursor Projects\blockly-maze-modeling\blocky_game\blocky_momot\output_fg_refactored_full_l1_10_lvl5_run21
5,22,22,C:\Users\moeha\Cursor Projects\blockly-maze-modeling\blocky_game\..\blocky_momot\model\input\5.xmi,statement_insertions_no_conds.henshin,8,100,10000,false,,,,,2305,2.305,C:\Users\moeha\Cursor Projects\blockly-maze-modeling\blocky_game\blocky_momot\output_fg_refactored_full_l1_10_lvl5_run22
5,23,23,C:\Users\moeha\Cursor Projects\blockly-maze-modeling\blocky_game\..\blocky_momot\model\input\5.xmi,statement_insertions_no_conds.henshin,8,100,10000,false,,,,,2379,2.379,C:\Users\moeha\Cursor Projects\blockly-maze-modeling\blocky_game\blocky_momot\output_fg_refactored_full_l1_10_lvl5_run23
5,24,24,C:\Users\moeha\Cursor Projects\blockly-maze-modeling\blocky_game\..\blocky_momot\model\input\5.xmi,statement_insertions_no_conds.henshin,8,100,10000,true,387,0.387,7,700,520,0.520,C:\Users\moeha\Cursor Projects\blockly-maze-modeling\blocky_game\blocky_momot\output_fg_refactored_full_l1_10_lvl5_run24
5,25,25,C:\Users\moeha\Cursor Projects\blockly-maze-modeling\blocky_game\..\blocky_momot\model\input\5.xmi,statement_insertions_no_conds.henshin,8,100,10000,true,124,0.124,3,300,259,0.259,C:\Users\moeha\Cursor Projects\blockly-maze-modeling\blocky_game\blocky_momot\output_fg_refactored_full_l1_10_lvl5_run25
5,26,26,C:\Users\moeha\Cursor Projects\blockly-maze-modeling\blocky_game\..\blocky_momot\model\input\5.xmi,statement_insertions_no_conds.henshin,8,100,10000,false,,,,,2505,2.505,C:\Users\moeha\Cursor Projects\blockly-maze-modeling\blocky_game\blocky_momot\output_fg_refactored_full_l1_10_lvl5_run26
5,27,27,C:\Users\moeha\Cursor Projects\blockly-maze-modeling\blocky_game\..\blocky_momot\model\input\5.xmi,statement_insertions_no_conds.henshin,8,100,10000,false,,,,,2385,2.385,C:\Users\moeha\Cursor Projects\blockly-maze-modeling\blocky_game\blocky_momot\output_fg_refactored_full_l1_10_lvl5_run27
5,28,28,C:\Users\moeha\Cursor Projects\blockly-maze-modeling\blocky_game\..\blocky_momot\model\input\5.xmi,statement_insertions_no_conds.henshin,8,100,10000,true,423,0.423,8,800,561,0.561,C:\Users\moeha\Cursor Projects\blockly-maze-modeling\blocky_game\blocky_momot\output_fg_refactored_full_l1_10_lvl5_run28
5,29,29,C:\Users\moeha\Cursor Projects\blockly-maze-modeling\blocky_game\..\blocky_momot\model\input\5.xmi,statement_insertions_no_conds.henshin,8,100,10000,false,,,,,2318,2.318,C:\Users\moeha\Cursor Projects\blockly-maze-modeling\blocky_game\blocky_momot\output_fg_refactored_full_l1_10_lvl5_run29
5,30,30,C:\Users\moeha\Cursor Projects\blockly-maze-modeling\blocky_game\..\blocky_momot\model\input\5.xmi,statement_insertions_no_conds.henshin,8,100,10000,false,,,,,2412,2.412,C:\Users\moeha\Cursor Projects\blockly-maze-modeling\blocky_game\blocky_momot\output_fg_refactored_full_l1_10_lvl5_run30
6,1,1,C:\Users\moeha\Cursor Projects\blockly-maze-modeling\blocky_game\..\blocky_momot\model\input\6.xmi,statement_insertions_no_else.henshin,10,100,10000,false,,,,,2702,2.702,C:\Users\moeha\Cursor Projects\blockly-maze-modeling\blocky_game\blocky_momot\output_fg_refactored_full_l1_10_lvl6_run1
6,2,2,C:\Users\moeha\Cursor Projects\blockly-maze-modeling\blocky_game\..\blocky_momot\model\input\6.xmi,statement_insertions_no_else.henshin,10,100,10000,false,,,,,2886,2.886,C:\Users\moeha\Cursor Projects\blockly-maze-modeling\blocky_game\blocky_momot\output_fg_refactored_full_l1_10_lvl6_run2
6,3,3,C:\Users\moeha\Cursor Projects\blockly-maze-modeling\blocky_game\..\blocky_momot\model\input\6.xmi,statement_insertions_no_else.henshin,10,100,10000,false,,,,,2687,2.687,C:\Users\moeha\Cursor Projects\blockly-maze-modeling\blocky_game\blocky_momot\output_fg_refactored_full_l1_10_lvl6_run3
6,4,4,C:\Users\moeha\Cursor Projects\blockly-maze-modeling\blocky_game\..\blocky_momot\model\input\6.xmi,statement_insertions_no_else.henshin,10,100,10000,true,87,0.087,2,200,234,0.234,C:\Users\moeha\Cursor Projects\blockly-maze-modeling\blocky_game\blocky_momot\output_fg_refactored_full_l1_10_lvl6_run4
6,5,5,C:\Users\moeha\Cursor Projects\blockly-maze-modeling\blocky_game\..\blocky_momot\model\input\6.xmi,statement_insertions_no_else.henshin,10,100,10000,false,,,,,2853,2.853,C:\Users\moeha\Cursor Projects\blockly-maze-modeling\blocky_game\blocky_momot\output_fg_refactored_full_l1_10_lvl6_run5
6,6,6,C:\Users\moeha\Cursor Projects\blockly-maze-modeling\blocky_game\..\blocky_momot\model\input\6.xmi,statement_insertions_no_else.henshin,10,100,10000,false,,,,,2718,2.718,C:\Users\moeha\Cursor Projects\blockly-maze-modeling\blocky_game\blocky_momot\output_fg_refactored_full_l1_10_lvl6_run6
6,7,7,C:\Users\moeha\Cursor Projects\blockly-maze-modeling\blocky_game\..\blocky_momot\model\input\6.xmi,statement_insertions_no_else.henshin,10,100,10000,false,,,,,2447,2.447,C:\Users\moeha\Cursor Projects\blockly-maze-modeling\blocky_game\blocky_momot\output_fg_refactored_full_l1_10_lvl6_run7
6,8,8,C:\Users\moeha\Cursor Projects\blockly-maze-modeling\blocky_game\..\blocky_momot\model\input\6.xmi,statement_insertions_no_else.henshin,10,100,10000,false,,,,,2701,2.701,C:\Users\moeha\Cursor Projects\blockly-maze-modeling\blocky_game\blocky_momot\output_fg_refactored_full_l1_10_lvl6_run8
6,9,9,C:\Users\moeha\Cursor Projects\blockly-maze-modeling\blocky_game\..\blocky_momot\model\input\6.xmi,statement_insertions_no_else.henshin,10,100,10000,false,,,,,2735,2.735,C:\Users\moeha\Cursor Projects\blockly-maze-modeling\blocky_game\blocky_momot\output_fg_refactored_full_l1_10_lvl6_run9
6,10,10,C:\Users\moeha\Cursor Projects\blockly-maze-modeling\blocky_game\..\blocky_momot\model\input\6.xmi,statement_insertions_no_else.henshin,10,100,10000,false,,,,,2970,2.970,C:\Users\moeha\Cursor Projects\blockly-maze-modeling\blocky_game\blocky_momot\output_fg_refactored_full_l1_10_lvl6_run10
6,11,11,C:\Users\moeha\Cursor Projects\blockly-maze-modeling\blocky_game\..\blocky_momot\model\input\6.xmi,statement_insertions_no_else.henshin,10,100,10000,false,,,,,2640,2.640,C:\Users\moeha\Cursor Projects\blockly-maze-modeling\blocky_game\blocky_momot\output_fg_refactored_full_l1_10_lvl6_run11
6,12,12,C:\Users\moeha\Cursor Projects\blockly-maze-modeling\blocky_game\..\blocky_momot\model\input\6.xmi,statement_insertions_no_else.henshin,10,100,10000,false,,,,,2748,2.748,C:\Users\moeha\Cursor Projects\blockly-maze-modeling\blocky_game\blocky_momot\output_fg_refactored_full_l1_10_lvl6_run12
6,13,13,C:\Users\moeha\Cursor Projects\blockly-maze-modeling\blocky_game\..\blocky_momot\model\input\6.xmi,statement_insertions_no_else.henshin,10,100,10000,false,,,,,2675,2.675,C:\Users\moeha\Cursor Projects\blockly-maze-modeling\blocky_game\blocky_momot\output_fg_refactored_full_l1_10_lvl6_run13
6,14,14,C:\Users\moeha\Cursor Projects\blockly-maze-modeling\blocky_game\..\blocky_momot\model\input\6.xmi,statement_insertions_no_else.henshin,10,100,10000,false,,,,,2601,2.601,C:\Users\moeha\Cursor Projects\blockly-maze-modeling\blocky_game\blocky_momot\output_fg_refactored_full_l1_10_lvl6_run14
6,15,15,C:\Users\moeha\Cursor Projects\blockly-maze-modeling\blocky_game\..\blocky_momot\model\input\6.xmi,statement_insertions_no_else.henshin,10,100,10000,false,,,,,2472,2.472,C:\Users\moeha\Cursor Projects\blockly-maze-modeling\blocky_game\blocky_momot\output_fg_refactored_full_l1_10_lvl6_run15
6,16,16,C:\Users\moeha\Cursor Projects\blockly-maze-modeling\blocky_game\..\blocky_momot\model\input\6.xmi,statement_insertions_no_else.henshin,10,100,10000,false,,,,,2907,2.907,C:\Users\moeha\Cursor Projects\blockly-maze-modeling\blocky_game\blocky_momot\output_fg_refactored_full_l1_10_lvl6_run16
6,17,17,C:\Users\moeha\Cursor Projects\blockly-maze-modeling\blocky_game\..\blocky_momot\model\input\6.xmi,statement_insertions_no_else.henshin,10,100,10000,false,,,,,2629,2.629,C:\Users\moeha\Cursor Projects\blockly-maze-modeling\blocky_game\blocky_momot\output_fg_refactored_full_l1_10_lvl6_run17
6,18,18,C:\Users\moeha\Cursor Projects\blockly-maze-modeling\blocky_game\..\blocky_momot\model\input\6.xmi,statement_insertions_no_else.henshin,10,100,10000,false,,,,,2550,2.550,C:\Users\moeha\Cursor Projects\blockly-maze-modeling\blocky_game\blocky_momot\output_fg_refactored_full_l1_10_lvl6_run18
6,19,19,C:\Users\moeha\Cursor Projects\blockly-maze-modeling\blocky_game\..\blocky_momot\model\input\6.xmi,statement_insertions_no_else.henshin,10,100,10000,false,,,,,2614,2.614,C:\Users\moeha\Cursor Projects\blockly-maze-modeling\blocky_game\blocky_momot\output_fg_refactored_full_l1_10_lvl6_run19
6,20,20,C:\Users\moeha\Cursor Projects\blockly-maze-modeling\blocky_game\..\blocky_momot\model\input\6.xmi,statement_insertions_no_else.henshin,10,100,10000,false,,,,,2733,2.733,C:\Users\moeha\Cursor Projects\blockly-maze-modeling\blocky_game\blocky_momot\output_fg_refactored_full_l1_10_lvl6_run20
6,21,21,C:\Users\moeha\Cursor Projects\blockly-maze-modeling\blocky_game\..\blocky_momot\model\input\6.xmi,statement_insertions_no_else.henshin,10,100,10000,false,,,,,2786,2.786,C:\Users\moeha\Cursor Projects\blockly-maze-modeling\blocky_game\blocky_momot\output_fg_refactored_full_l1_10_lvl6_run21
6,22,22,C:\Users\moeha\Cursor Projects\blockly-maze-modeling\blocky_game\..\blocky_momot\model\input\6.xmi,statement_insertions_no_else.henshin,10,100,10000,false,,,,,2629,2.629,C:\Users\moeha\Cursor Projects\blockly-maze-modeling\blocky_game\blocky_momot\output_fg_refactored_full_l1_10_lvl6_run22
6,23,23,C:\Users\moeha\Cursor Projects\blockly-maze-modeling\blocky_game\..\blocky_momot\model\input\6.xmi,statement_insertions_no_else.henshin,10,100,10000,false,,,,,2752,2.752,C:\Users\moeha\Cursor Projects\blockly-maze-modeling\blocky_game\blocky_momot\output_fg_refactored_full_l1_10_lvl6_run23
6,24,24,C:\Users\moeha\Cursor Projects\blockly-maze-modeling\blocky_game\..\blocky_momot\model\input\6.xmi,statement_insertions_no_else.henshin,10,100,10000,false,,,,,2762,2.762,C:\Users\moeha\Cursor Projects\blockly-maze-modeling\blocky_game\blocky_momot\output_fg_refactored_full_l1_10_lvl6_run24
6,25,25,C:\Users\moeha\Cursor Projects\blockly-maze-modeling\blocky_game\..\blocky_momot\model\input\6.xmi,statement_insertions_no_else.henshin,10,100,10000,false,,,,,2579,2.579,C:\Users\moeha\Cursor Projects\blockly-maze-modeling\blocky_game\blocky_momot\output_fg_refactored_full_l1_10_lvl6_run25
6,26,26,C:\Users\moeha\Cursor Projects\blockly-maze-modeling\blocky_game\..\blocky_momot\model\input\6.xmi,statement_insertions_no_else.henshin,10,100,10000,false,,,,,2484,2.484,C:\Users\moeha\Cursor Projects\blockly-maze-modeling\blocky_game\blocky_momot\output_fg_refactored_full_l1_10_lvl6_run26
6,27,27,C:\Users\moeha\Cursor Projects\blockly-maze-modeling\blocky_game\..\blocky_momot\model\input\6.xmi,statement_insertions_no_else.henshin,10,100,10000,false,,,,,2587,2.587,C:\Users\moeha\Cursor Projects\blockly-maze-modeling\blocky_game\blocky_momot\output_fg_refactored_full_l1_10_lvl6_run27
6,28,28,C:\Users\moeha\Cursor Projects\blockly-maze-modeling\blocky_game\..\blocky_momot\model\input\6.xmi,statement_insertions_no_else.henshin,10,100,10000,false,,,,,2818,2.818,C:\Users\moeha\Cursor Projects\blockly-maze-modeling\blocky_game\blocky_momot\output_fg_refactored_full_l1_10_lvl6_run28
6,29,29,C:\Users\moeha\Cursor Projects\blockly-maze-modeling\blocky_game\..\blocky_momot\model\input\6.xmi,statement_insertions_no_else.henshin,10,100,10000,false,,,,,2534,2.534,C:\Users\moeha\Cursor Projects\blockly-maze-modeling\blocky_game\blocky_momot\output_fg_refactored_full_l1_10_lvl6_run29
6,30,30,C:\Users\moeha\Cursor Projects\blockly-maze-modeling\blocky_game\..\blocky_momot\model\input\6.xmi,statement_insertions_no_else.henshin,10,100,10000,false,,,,,2534,2.534,C:\Users\moeha\Cursor Projects\blockly-maze-modeling\blocky_game\blocky_momot\output_fg_refactored_full_l1_10_lvl6_run30
7,1,1,C:\Users\moeha\Cursor Projects\blockly-maze-modeling\blocky_game\..\blocky_momot\model\input\7.xmi,statement_insertions_no_else.henshin,8,100,10000,false,,,,,2601,2.601,C:\Users\moeha\Cursor Projects\blockly-maze-modeling\blocky_game\blocky_momot\output_fg_refactored_full_l1_10_lvl7_run1
7,2,2,C:\Users\moeha\Cursor Projects\blockly-maze-modeling\blocky_game\..\blocky_momot\model\input\7.xmi,statement_insertions_no_else.henshin,8,100,10000,false,,,,,2578,2.578,C:\Users\moeha\Cursor Projects\blockly-maze-modeling\blocky_game\blocky_momot\output_fg_refactored_full_l1_10_lvl7_run2
7,3,3,C:\Users\moeha\Cursor Projects\blockly-maze-modeling\blocky_game\..\blocky_momot\model\input\7.xmi,statement_insertions_no_else.henshin,8,100,10000,false,,,,,2297,2.297,C:\Users\moeha\Cursor Projects\blockly-maze-modeling\blocky_game\blocky_momot\output_fg_refactored_full_l1_10_lvl7_run3
7,4,4,C:\Users\moeha\Cursor Projects\blockly-maze-modeling\blocky_game\..\blocky_momot\model\input\7.xmi,statement_insertions_no_else.henshin,8,100,10000,false,,,,,2316,2.316,C:\Users\moeha\Cursor Projects\blockly-maze-modeling\blocky_game\blocky_momot\output_fg_refactored_full_l1_10_lvl7_run4
7,5,5,C:\Users\moeha\Cursor Projects\blockly-maze-modeling\blocky_game\..\blocky_momot\model\input\7.xmi,statement_insertions_no_else.henshin,8,100,10000,false,,,,,2408,2.408,C:\Users\moeha\Cursor Projects\blockly-maze-modeling\blocky_game\blocky_momot\output_fg_refactored_full_l1_10_lvl7_run5
7,6,6,C:\Users\moeha\Cursor Projects\blockly-maze-modeling\blocky_game\..\blocky_momot\model\input\7.xmi,statement_insertions_no_else.henshin,8,100,10000,false,,,,,2472,2.472,C:\Users\moeha\Cursor Projects\blockly-maze-modeling\blocky_game\blocky_momot\output_fg_refactored_full_l1_10_lvl7_run6
7,7,7,C:\Users\moeha\Cursor Projects\blockly-maze-modeling\blocky_game\..\blocky_momot\model\input\7.xmi,statement_insertions_no_else.henshin,8,100,10000,false,,,,,2317,2.317,C:\Users\moeha\Cursor Projects\blockly-maze-modeling\blocky_game\blocky_momot\output_fg_refactored_full_l1_10_lvl7_run7
7,8,8,C:\Users\moeha\Cursor Projects\blockly-maze-modeling\blocky_game\..\blocky_momot\model\input\7.xmi,statement_insertions_no_else.henshin,8,100,10000,false,,,,,2523,2.523,C:\Users\moeha\Cursor Projects\blockly-maze-modeling\blocky_game\blocky_momot\output_fg_refactored_full_l1_10_lvl7_run8
7,9,9,C:\Users\moeha\Cursor Projects\blockly-maze-modeling\blocky_game\..\blocky_momot\model\input\7.xmi,statement_insertions_no_else.henshin,8,100,10000,false,,,,,2625,2.625,C:\Users\moeha\Cursor Projects\blockly-maze-modeling\blocky_game\blocky_momot\output_fg_refactored_full_l1_10_lvl7_run9
7,10,10,C:\Users\moeha\Cursor Projects\blockly-maze-modeling\blocky_game\..\blocky_momot\model\input\7.xmi,statement_insertions_no_else.henshin,8,100,10000,true,73,0.073,2,200,225,0.225,C:\Users\moeha\Cursor Projects\blockly-maze-modeling\blocky_game\blocky_momot\output_fg_refactored_full_l1_10_lvl7_run10
7,11,11,C:\Users\moeha\Cursor Projects\blockly-maze-modeling\blocky_game\..\blocky_momot\model\input\7.xmi,statement_insertions_no_else.henshin,8,100,10000,false,,,,,2647,2.647,C:\Users\moeha\Cursor Projects\blockly-maze-modeling\blocky_game\blocky_momot\output_fg_refactored_full_l1_10_lvl7_run11
7,12,12,C:\Users\moeha\Cursor Projects\blockly-maze-modeling\blocky_game\..\blocky_momot\model\input\7.xmi,statement_insertions_no_else.henshin,8,100,10000,false,,,,,2410,2.410,C:\Users\moeha\Cursor Projects\blockly-maze-modeling\blocky_game\blocky_momot\output_fg_refactored_full_l1_10_lvl7_run12
7,13,13,C:\Users\moeha\Cursor Projects\blockly-maze-modeling\blocky_game\..\blocky_momot\model\input\7.xmi,statement_insertions_no_else.henshin,8,100,10000,false,,,,,2309,2.309,C:\Users\moeha\Cursor Projects\blockly-maze-modeling\blocky_game\blocky_momot\output_fg_refactored_full_l1_10_lvl7_run13
7,14,14,C:\Users\moeha\Cursor Projects\blockly-maze-modeling\blocky_game\..\blocky_momot\model\input\7.xmi,statement_insertions_no_else.henshin,8,100,10000,false,,,,,2582,2.582,C:\Users\moeha\Cursor Projects\blockly-maze-modeling\blocky_game\blocky_momot\output_fg_refactored_full_l1_10_lvl7_run14
7,15,15,C:\Users\moeha\Cursor Projects\blockly-maze-modeling\blocky_game\..\blocky_momot\model\input\7.xmi,statement_insertions_no_else.henshin,8,100,10000,false,,,,,2438,2.438,C:\Users\moeha\Cursor Projects\blockly-maze-modeling\blocky_game\blocky_momot\output_fg_refactored_full_l1_10_lvl7_run15
7,16,16,C:\Users\moeha\Cursor Projects\blockly-maze-modeling\blocky_game\..\blocky_momot\model\input\7.xmi,statement_insertions_no_else.henshin,8,100,10000,false,,,,,2421,2.421,C:\Users\moeha\Cursor Projects\blockly-maze-modeling\blocky_game\blocky_momot\output_fg_refactored_full_l1_10_lvl7_run16
7,17,17,C:\Users\moeha\Cursor Projects\blockly-maze-modeling\blocky_game\..\blocky_momot\model\input\7.xmi,statement_insertions_no_else.henshin,8,100,10000,false,,,,,2218,2.218,C:\Users\moeha\Cursor Projects\blockly-maze-modeling\blocky_game\blocky_momot\output_fg_refactored_full_l1_10_lvl7_run17
7,18,18,C:\Users\moeha\Cursor Projects\blockly-maze-modeling\blocky_game\..\blocky_momot\model\input\7.xmi,statement_insertions_no_else.henshin,8,100,10000,false,,,,,2355,2.355,C:\Users\moeha\Cursor Projects\blockly-maze-modeling\blocky_game\blocky_momot\output_fg_refactored_full_l1_10_lvl7_run18
7,19,19,C:\Users\moeha\Cursor Projects\blockly-maze-modeling\blocky_game\..\blocky_momot\model\input\7.xmi,statement_insertions_no_else.henshin,8,100,10000,false,,,,,2462,2.462,C:\Users\moeha\Cursor Projects\blockly-maze-modeling\blocky_game\blocky_momot\output_fg_refactored_full_l1_10_lvl7_run19
7,20,20,C:\Users\moeha\Cursor Projects\blockly-maze-modeling\blocky_game\..\blocky_momot\model\input\7.xmi,statement_insertions_no_else.henshin,8,100,10000,false,,,,,2485,2.485,C:\Users\moeha\Cursor Projects\blockly-maze-modeling\blocky_game\blocky_momot\output_fg_refactored_full_l1_10_lvl7_run20
7,21,21,C:\Users\moeha\Cursor Projects\blockly-maze-modeling\blocky_game\..\blocky_momot\model\input\7.xmi,statement_insertions_no_else.henshin,8,100,10000,false,,,,,2406,2.406,C:\Users\moeha\Cursor Projects\blockly-maze-modeling\blocky_game\blocky_momot\output_fg_refactored_full_l1_10_lvl7_run21
7,22,22,C:\Users\moeha\Cursor Projects\blockly-maze-modeling\blocky_game\..\blocky_momot\model\input\7.xmi,statement_insertions_no_else.henshin,8,100,10000,false,,,,,2384,2.384,C:\Users\moeha\Cursor Projects\blockly-maze-modeling\blocky_game\blocky_momot\output_fg_refactored_full_l1_10_lvl7_run22
7,23,23,C:\Users\moeha\Cursor Projects\blockly-maze-modeling\blocky_game\..\blocky_momot\model\input\7.xmi,statement_insertions_no_else.henshin,8,100,10000,false,,,,,2589,2.589,C:\Users\moeha\Cursor Projects\blockly-maze-modeling\blocky_game\blocky_momot\output_fg_refactored_full_l1_10_lvl7_run23
7,24,24,C:\Users\moeha\Cursor Projects\blockly-maze-modeling\blocky_game\..\blocky_momot\model\input\7.xmi,statement_insertions_no_else.henshin,8,100,10000,false,,,,,2339,2.339,C:\Users\moeha\Cursor Projects\blockly-maze-modeling\blocky_game\blocky_momot\output_fg_refactored_full_l1_10_lvl7_run24
7,25,25,C:\Users\moeha\Cursor Projects\blockly-maze-modeling\blocky_game\..\blocky_momot\model\input\7.xmi,statement_insertions_no_else.henshin,8,100,10000,false,,,,,2275,2.275,C:\Users\moeha\Cursor Projects\blockly-maze-modeling\blocky_game\blocky_momot\output_fg_refactored_full_l1_10_lvl7_run25
7,26,26,C:\Users\moeha\Cursor Projects\blockly-maze-modeling\blocky_game\..\blocky_momot\model\input\7.xmi,statement_insertions_no_else.henshin,8,100,10000,false,,,,,2323,2.323,C:\Users\moeha\Cursor Projects\blockly-maze-modeling\blocky_game\blocky_momot\output_fg_refactored_full_l1_10_lvl7_run26
7,27,27,C:\Users\moeha\Cursor Projects\blockly-maze-modeling\blocky_game\..\blocky_momot\model\input\7.xmi,statement_insertions_no_else.henshin,8,100,10000,false,,,,,2455,2.455,C:\Users\moeha\Cursor Projects\blockly-maze-modeling\blocky_game\blocky_momot\output_fg_refactored_full_l1_10_lvl7_run27
7,28,28,C:\Users\moeha\Cursor Projects\blockly-maze-modeling\blocky_game\..\blocky_momot\model\input\7.xmi,statement_insertions_no_else.henshin,8,100,10000,false,,,,,2377,2.377,C:\Users\moeha\Cursor Projects\blockly-maze-modeling\blocky_game\blocky_momot\output_fg_refactored_full_l1_10_lvl7_run28
7,29,29,C:\Users\moeha\Cursor Projects\blockly-maze-modeling\blocky_game\..\blocky_momot\model\input\7.xmi,statement_insertions_no_else.henshin,8,100,10000,false,,,,,2286,2.286,C:\Users\moeha\Cursor Projects\blockly-maze-modeling\blocky_game\blocky_momot\output_fg_refactored_full_l1_10_lvl7_run29
7,30,30,C:\Users\moeha\Cursor Projects\blockly-maze-modeling\blocky_game\..\blocky_momot\model\input\7.xmi,statement_insertions_no_else.henshin,8,100,10000,false,,,,,2193,2.193,C:\Users\moeha\Cursor Projects\blockly-maze-modeling\blocky_game\blocky_momot\output_fg_refactored_full_l1_10_lvl7_run30
8,1,1,C:\Users\moeha\Cursor Projects\blockly-maze-modeling\blocky_game\..\blocky_momot\model\input\8.xmi,statement_insertions_no_else.henshin,12,100,10000,false,,,,,3145,3.145,C:\Users\moeha\Cursor Projects\blockly-maze-modeling\blocky_game\blocky_momot\output_fg_refactored_full_l1_10_lvl8_run1
8,2,2,C:\Users\moeha\Cursor Projects\blockly-maze-modeling\blocky_game\..\blocky_momot\model\input\8.xmi,statement_insertions_no_else.henshin,12,100,10000,false,,,,,3116,3.116,C:\Users\moeha\Cursor Projects\blockly-maze-modeling\blocky_game\blocky_momot\output_fg_refactored_full_l1_10_lvl8_run2
8,3,3,C:\Users\moeha\Cursor Projects\blockly-maze-modeling\blocky_game\..\blocky_momot\model\input\8.xmi,statement_insertions_no_else.henshin,12,100,10000,false,,,,,2897,2.897,C:\Users\moeha\Cursor Projects\blockly-maze-modeling\blocky_game\blocky_momot\output_fg_refactored_full_l1_10_lvl8_run3
8,4,4,C:\Users\moeha\Cursor Projects\blockly-maze-modeling\blocky_game\..\blocky_momot\model\input\8.xmi,statement_insertions_no_else.henshin,12,100,10000,false,,,,,2963,2.963,C:\Users\moeha\Cursor Projects\blockly-maze-modeling\blocky_game\blocky_momot\output_fg_refactored_full_l1_10_lvl8_run4
8,5,5,C:\Users\moeha\Cursor Projects\blockly-maze-modeling\blocky_game\..\blocky_momot\model\input\8.xmi,statement_insertions_no_else.henshin,12,100,10000,false,,,,,3092,3.092,C:\Users\moeha\Cursor Projects\blockly-maze-modeling\blocky_game\blocky_momot\output_fg_refactored_full_l1_10_lvl8_run5
8,6,6,C:\Users\moeha\Cursor Projects\blockly-maze-modeling\blocky_game\..\blocky_momot\model\input\8.xmi,statement_insertions_no_else.henshin,12,100,10000,false,,,,,3134,3.134,C:\Users\moeha\Cursor Projects\blockly-maze-modeling\blocky_game\blocky_momot\output_fg_refactored_full_l1_10_lvl8_run6
8,7,7,C:\Users\moeha\Cursor Projects\blockly-maze-modeling\blocky_game\..\blocky_momot\model\input\8.xmi,statement_insertions_no_else.henshin,12,100,10000,false,,,,,2952,2.952,C:\Users\moeha\Cursor Projects\blockly-maze-modeling\blocky_game\blocky_momot\output_fg_refactored_full_l1_10_lvl8_run7
8,8,8,C:\Users\moeha\Cursor Projects\blockly-maze-modeling\blocky_game\..\blocky_momot\model\input\8.xmi,statement_insertions_no_else.henshin,12,100,10000,false,,,,,3036,3.036,C:\Users\moeha\Cursor Projects\blockly-maze-modeling\blocky_game\blocky_momot\output_fg_refactored_full_l1_10_lvl8_run8
8,9,9,C:\Users\moeha\Cursor Projects\blockly-maze-modeling\blocky_game\..\blocky_momot\model\input\8.xmi,statement_insertions_no_else.henshin,12,100,10000,false,,,,,2964,2.964,C:\Users\moeha\Cursor Projects\blockly-maze-modeling\blocky_game\blocky_momot\output_fg_refactored_full_l1_10_lvl8_run9
8,10,10,C:\Users\moeha\Cursor Projects\blockly-maze-modeling\blocky_game\..\blocky_momot\model\input\8.xmi,statement_insertions_no_else.henshin,12,100,10000,false,,,,,3228,3.228,C:\Users\moeha\Cursor Projects\blockly-maze-modeling\blocky_game\blocky_momot\output_fg_refactored_full_l1_10_lvl8_run10
8,11,11,C:\Users\moeha\Cursor Projects\blockly-maze-modeling\blocky_game\..\blocky_momot\model\input\8.xmi,statement_insertions_no_else.henshin,12,100,10000,false,,,,,2960,2.960,C:\Users\moeha\Cursor Projects\blockly-maze-modeling\blocky_game\blocky_momot\output_fg_refactored_full_l1_10_lvl8_run11
8,12,12,C:\Users\moeha\Cursor Projects\blockly-maze-modeling\blocky_game\..\blocky_momot\model\input\8.xmi,statement_insertions_no_else.henshin,12,100,10000,false,,,,,2994,2.994,C:\Users\moeha\Cursor Projects\blockly-maze-modeling\blocky_game\blocky_momot\output_fg_refactored_full_l1_10_lvl8_run12
8,13,13,C:\Users\moeha\Cursor Projects\blockly-maze-modeling\blocky_game\..\blocky_momot\model\input\8.xmi,statement_insertions_no_else.henshin,12,100,10000,false,,,,,2870,2.870,C:\Users\moeha\Cursor Projects\blockly-maze-modeling\blocky_game\blocky_momot\output_fg_refactored_full_l1_10_lvl8_run13
8,14,14,C:\Users\moeha\Cursor Projects\blockly-maze-modeling\blocky_game\..\blocky_momot\model\input\8.xmi,statement_insertions_no_else.henshin,12,100,10000,false,,,,,3407,3.407,C:\Users\moeha\Cursor Projects\blockly-maze-modeling\blocky_game\blocky_momot\output_fg_refactored_full_l1_10_lvl8_run14
8,15,15,C:\Users\moeha\Cursor Projects\blockly-maze-modeling\blocky_game\..\blocky_momot\model\input\8.xmi,statement_insertions_no_else.henshin,12,100,10000,false,,,,,3182,3.182,C:\Users\moeha\Cursor Projects\blockly-maze-modeling\blocky_game\blocky_momot\output_fg_refactored_full_l1_10_lvl8_run15
8,16,16,C:\Users\moeha\Cursor Projects\blockly-maze-modeling\blocky_game\..\blocky_momot\model\input\8.xmi,statement_insertions_no_else.henshin,12,100,10000,false,,,,,2989,2.989,C:\Users\moeha\Cursor Projects\blockly-maze-modeling\blocky_game\blocky_momot\output_fg_refactored_full_l1_10_lvl8_run16
8,17,17,C:\Users\moeha\Cursor Projects\blockly-maze-modeling\blocky_game\..\blocky_momot\model\input\8.xmi,statement_insertions_no_else.henshin,12,100,10000,false,,,,,2760,2.760,C:\Users\moeha\Cursor Projects\blockly-maze-modeling\blocky_game\blocky_momot\output_fg_refactored_full_l1_10_lvl8_run17
8,18,18,C:\Users\moeha\Cursor Projects\blockly-maze-modeling\blocky_game\..\blocky_momot\model\input\8.xmi,statement_insertions_no_else.henshin,12,100,10000,false,,,,,2970,2.970,C:\Users\moeha\Cursor Projects\blockly-maze-modeling\blocky_game\blocky_momot\output_fg_refactored_full_l1_10_lvl8_run18
8,19,19,C:\Users\moeha\Cursor Projects\blockly-maze-modeling\blocky_game\..\blocky_momot\model\input\8.xmi,statement_insertions_no_else.henshin,12,100,10000,false,,,,,3032,3.032,C:\Users\moeha\Cursor Projects\blockly-maze-modeling\blocky_game\blocky_momot\output_fg_refactored_full_l1_10_lvl8_run19
8,20,20,C:\Users\moeha\Cursor Projects\blockly-maze-modeling\blocky_game\..\blocky_momot\model\input\8.xmi,statement_insertions_no_else.henshin,12,100,10000,false,,,,,3163,3.163,C:\Users\moeha\Cursor Projects\blockly-maze-modeling\blocky_game\blocky_momot\output_fg_refactored_full_l1_10_lvl8_run20
8,21,21,C:\Users\moeha\Cursor Projects\blockly-maze-modeling\blocky_game\..\blocky_momot\model\input\8.xmi,statement_insertions_no_else.henshin,12,100,10000,false,,,,,3079,3.079,C:\Users\moeha\Cursor Projects\blockly-maze-modeling\blocky_game\blocky_momot\output_fg_refactored_full_l1_10_lvl8_run21
8,22,22,C:\Users\moeha\Cursor Projects\blockly-maze-modeling\blocky_game\..\blocky_momot\model\input\8.xmi,statement_insertions_no_else.henshin,12,100,10000,false,,,,,3110,3.110,C:\Users\moeha\Cursor Projects\blockly-maze-modeling\blocky_game\blocky_momot\output_fg_refactored_full_l1_10_lvl8_run22
8,23,23,C:\Users\moeha\Cursor Projects\blockly-maze-modeling\blocky_game\..\blocky_momot\model\input\8.xmi,statement_insertions_no_else.henshin,12,100,10000,false,,,,,3160,3.160,C:\Users\moeha\Cursor Projects\blockly-maze-modeling\blocky_game\blocky_momot\output_fg_refactored_full_l1_10_lvl8_run23
8,24,24,C:\Users\moeha\Cursor Projects\blockly-maze-modeling\blocky_game\..\blocky_momot\model\input\8.xmi,statement_insertions_no_else.henshin,12,100,10000,false,,,,,3538,3.538,C:\Users\moeha\Cursor Projects\blockly-maze-modeling\blocky_game\blocky_momot\output_fg_refactored_full_l1_10_lvl8_run24
8,25,25,C:\Users\moeha\Cursor Projects\blockly-maze-modeling\blocky_game\..\blocky_momot\model\input\8.xmi,statement_insertions_no_else.henshin,12,100,10000,false,,,,,2982,2.982,C:\Users\moeha\Cursor Projects\blockly-maze-modeling\blocky_game\blocky_momot\output_fg_refactored_full_l1_10_lvl8_run25
8,26,26,C:\Users\moeha\Cursor Projects\blockly-maze-modeling\blocky_game\..\blocky_momot\model\input\8.xmi,statement_insertions_no_else.henshin,12,100,10000,false,,,,,2798,2.798,C:\Users\moeha\Cursor Projects\blockly-maze-modeling\blocky_game\blocky_momot\output_fg_refactored_full_l1_10_lvl8_run26
8,27,27,C:\Users\moeha\Cursor Projects\blockly-maze-modeling\blocky_game\..\blocky_momot\model\input\8.xmi,statement_insertions_no_else.henshin,12,100,10000,false,,,,,3068,3.068,C:\Users\moeha\Cursor Projects\blockly-maze-modeling\blocky_game\blocky_momot\output_fg_refactored_full_l1_10_lvl8_run27
8,28,28,C:\Users\moeha\Cursor Projects\blockly-maze-modeling\blocky_game\..\blocky_momot\model\input\8.xmi,statement_insertions_no_else.henshin,12,100,10000,false,,,,,3151,3.151,C:\Users\moeha\Cursor Projects\blockly-maze-modeling\blocky_game\blocky_momot\output_fg_refactored_full_l1_10_lvl8_run28
8,29,29,C:\Users\moeha\Cursor Projects\blockly-maze-modeling\blocky_game\..\blocky_momot\model\input\8.xmi,statement_insertions_no_else.henshin,12,100,10000,false,,,,,3189,3.189,C:\Users\moeha\Cursor Projects\blockly-maze-modeling\blocky_game\blocky_momot\output_fg_refactored_full_l1_10_lvl8_run29
8,30,30,C:\Users\moeha\Cursor Projects\blockly-maze-modeling\blocky_game\..\blocky_momot\model\input\8.xmi,statement_insertions_no_else.henshin,12,100,10000,false,,,,,3066,3.066,C:\Users\moeha\Cursor Projects\blockly-maze-modeling\blocky_game\blocky_momot\output_fg_refactored_full_l1_10_lvl8_run30
9,1,1,C:\Users\moeha\Cursor Projects\blockly-maze-modeling\blocky_game\..\blocky_momot\model\input\9.xmi,statement_insertions_henshin_text.henshin,8,100,10000,false,,,,,2510,2.510,C:\Users\moeha\Cursor Projects\blockly-maze-modeling\blocky_game\blocky_momot\output_fg_refactored_full_l1_10_lvl9_run1
9,2,2,C:\Users\moeha\Cursor Projects\blockly-maze-modeling\blocky_game\..\blocky_momot\model\input\9.xmi,statement_insertions_henshin_text.henshin,8,100,10000,false,,,,,2302,2.302,C:\Users\moeha\Cursor Projects\blockly-maze-modeling\blocky_game\blocky_momot\output_fg_refactored_full_l1_10_lvl9_run2
9,3,3,C:\Users\moeha\Cursor Projects\blockly-maze-modeling\blocky_game\..\blocky_momot\model\input\9.xmi,statement_insertions_henshin_text.henshin,8,100,10000,false,,,,,2255,2.255,C:\Users\moeha\Cursor Projects\blockly-maze-modeling\blocky_game\blocky_momot\output_fg_refactored_full_l1_10_lvl9_run3
9,4,4,C:\Users\moeha\Cursor Projects\blockly-maze-modeling\blocky_game\..\blocky_momot\model\input\9.xmi,statement_insertions_henshin_text.henshin,8,100,10000,false,,,,,2439,2.439,C:\Users\moeha\Cursor Projects\blockly-maze-modeling\blocky_game\blocky_momot\output_fg_refactored_full_l1_10_lvl9_run4
9,5,5,C:\Users\moeha\Cursor Projects\blockly-maze-modeling\blocky_game\..\blocky_momot\model\input\9.xmi,statement_insertions_henshin_text.henshin,8,100,10000,false,,,,,2389,2.389,C:\Users\moeha\Cursor Projects\blockly-maze-modeling\blocky_game\blocky_momot\output_fg_refactored_full_l1_10_lvl9_run5
9,6,6,C:\Users\moeha\Cursor Projects\blockly-maze-modeling\blocky_game\..\blocky_momot\model\input\9.xmi,statement_insertions_henshin_text.henshin,8,100,10000,false,,,,,2189,2.189,C:\Users\moeha\Cursor Projects\blockly-maze-modeling\blocky_game\blocky_momot\output_fg_refactored_full_l1_10_lvl9_run6
9,7,7,C:\Users\moeha\Cursor Projects\blockly-maze-modeling\blocky_game\..\blocky_momot\model\input\9.xmi,statement_insertions_henshin_text.henshin,8,100,10000,false,,,,,2165,2.165,C:\Users\moeha\Cursor Projects\blockly-maze-modeling\blocky_game\blocky_momot\output_fg_refactored_full_l1_10_lvl9_run7
9,8,8,C:\Users\moeha\Cursor Projects\blockly-maze-modeling\blocky_game\..\blocky_momot\model\input\9.xmi,statement_insertions_henshin_text.henshin,8,100,10000,false,,,,,2469,2.469,C:\Users\moeha\Cursor Projects\blockly-maze-modeling\blocky_game\blocky_momot\output_fg_refactored_full_l1_10_lvl9_run8
9,9,9,C:\Users\moeha\Cursor Projects\blockly-maze-modeling\blocky_game\..\blocky_momot\model\input\9.xmi,statement_insertions_henshin_text.henshin,8,100,10000,false,,,,,2348,2.348,C:\Users\moeha\Cursor Projects\blockly-maze-modeling\blocky_game\blocky_momot\output_fg_refactored_full_l1_10_lvl9_run9
9,10,10,C:\Users\moeha\Cursor Projects\blockly-maze-modeling\blocky_game\..\blocky_momot\model\input\9.xmi,statement_insertions_henshin_text.henshin,8,100,10000,false,,,,,2302,2.302,C:\Users\moeha\Cursor Projects\blockly-maze-modeling\blocky_game\blocky_momot\output_fg_refactored_full_l1_10_lvl9_run10
9,11,11,C:\Users\moeha\Cursor Projects\blockly-maze-modeling\blocky_game\..\blocky_momot\model\input\9.xmi,statement_insertions_henshin_text.henshin,8,100,10000,false,,,,,2283,2.283,C:\Users\moeha\Cursor Projects\blockly-maze-modeling\blocky_game\blocky_momot\output_fg_refactored_full_l1_10_lvl9_run11
9,12,12,C:\Users\moeha\Cursor Projects\blockly-maze-modeling\blocky_game\..\blocky_momot\model\input\9.xmi,statement_insertions_henshin_text.henshin,8,100,10000,false,,,,,2303,2.303,C:\Users\moeha\Cursor Projects\blockly-maze-modeling\blocky_game\blocky_momot\output_fg_refactored_full_l1_10_lvl9_run12
9,13,13,C:\Users\moeha\Cursor Projects\blockly-maze-modeling\blocky_game\..\blocky_momot\model\input\9.xmi,statement_insertions_henshin_text.henshin,8,100,10000,false,,,,,2393,2.393,C:\Users\moeha\Cursor Projects\blockly-maze-modeling\blocky_game\blocky_momot\output_fg_refactored_full_l1_10_lvl9_run13
9,14,14,C:\Users\moeha\Cursor Projects\blockly-maze-modeling\blocky_game\..\blocky_momot\model\input\9.xmi,statement_insertions_henshin_text.henshin,8,100,10000,false,,,,,2327,2.327,C:\Users\moeha\Cursor Projects\blockly-maze-modeling\blocky_game\blocky_momot\output_fg_refactored_full_l1_10_lvl9_run14
9,15,15,C:\Users\moeha\Cursor Projects\blockly-maze-modeling\blocky_game\..\blocky_momot\model\input\9.xmi,statement_insertions_henshin_text.henshin,8,100,10000,false,,,,,2295,2.295,C:\Users\moeha\Cursor Projects\blockly-maze-modeling\blocky_game\blocky_momot\output_fg_refactored_full_l1_10_lvl9_run15
9,16,16,C:\Users\moeha\Cursor Projects\blockly-maze-modeling\blocky_game\..\blocky_momot\model\input\9.xmi,statement_insertions_henshin_text.henshin,8,100,10000,false,,,,,2244,2.244,C:\Users\moeha\Cursor Projects\blockly-maze-modeling\blocky_game\blocky_momot\output_fg_refactored_full_l1_10_lvl9_run16
9,17,17,C:\Users\moeha\Cursor Projects\blockly-maze-modeling\blocky_game\..\blocky_momot\model\input\9.xmi,statement_insertions_henshin_text.henshin,8,100,10000,false,,,,,2342,2.342,C:\Users\moeha\Cursor Projects\blockly-maze-modeling\blocky_game\blocky_momot\output_fg_refactored_full_l1_10_lvl9_run17
9,18,18,C:\Users\moeha\Cursor Projects\blockly-maze-modeling\blocky_game\..\blocky_momot\model\input\9.xmi,statement_insertions_henshin_text.henshin,8,100,10000,false,,,,,2281,2.281,C:\Users\moeha\Cursor Projects\blockly-maze-modeling\blocky_game\blocky_momot\output_fg_refactored_full_l1_10_lvl9_run18
9,19,19,C:\Users\moeha\Cursor Projects\blockly-maze-modeling\blocky_game\..\blocky_momot\model\input\9.xmi,statement_insertions_henshin_text.henshin,8,100,10000,false,,,,,2251,2.251,C:\Users\moeha\Cursor Projects\blockly-maze-modeling\blocky_game\blocky_momot\output_fg_refactored_full_l1_10_lvl9_run19
9,20,20,C:\Users\moeha\Cursor Projects\blockly-maze-modeling\blocky_game\..\blocky_momot\model\input\9.xmi,statement_insertions_henshin_text.henshin,8,100,10000,false,,,,,2366,2.366,C:\Users\moeha\Cursor Projects\blockly-maze-modeling\blocky_game\blocky_momot\output_fg_refactored_full_l1_10_lvl9_run20
9,21,21,C:\Users\moeha\Cursor Projects\blockly-maze-modeling\blocky_game\..\blocky_momot\model\input\9.xmi,statement_insertions_henshin_text.henshin,8,100,10000,false,,,,,2610,2.610,C:\Users\moeha\Cursor Projects\blockly-maze-modeling\blocky_game\blocky_momot\output_fg_refactored_full_l1_10_lvl9_run21
9,22,22,C:\Users\moeha\Cursor Projects\blockly-maze-modeling\blocky_game\..\blocky_momot\model\input\9.xmi,statement_insertions_henshin_text.henshin,8,100,10000,false,,,,,2340,2.340,C:\Users\moeha\Cursor Projects\blockly-maze-modeling\blocky_game\blocky_momot\output_fg_refactored_full_l1_10_lvl9_run22
9,23,23,C:\Users\moeha\Cursor Projects\blockly-maze-modeling\blocky_game\..\blocky_momot\model\input\9.xmi,statement_insertions_henshin_text.henshin,8,100,10000,false,,,,,2428,2.428,C:\Users\moeha\Cursor Projects\blockly-maze-modeling\blocky_game\blocky_momot\output_fg_refactored_full_l1_10_lvl9_run23
9,24,24,C:\Users\moeha\Cursor Projects\blockly-maze-modeling\blocky_game\..\blocky_momot\model\input\9.xmi,statement_insertions_henshin_text.henshin,8,100,10000,false,,,,,2355,2.355,C:\Users\moeha\Cursor Projects\blockly-maze-modeling\blocky_game\blocky_momot\output_fg_refactored_full_l1_10_lvl9_run24
9,25,25,C:\Users\moeha\Cursor Projects\blockly-maze-modeling\blocky_game\..\blocky_momot\model\input\9.xmi,statement_insertions_henshin_text.henshin,8,100,10000,false,,,,,2231,2.231,C:\Users\moeha\Cursor Projects\blockly-maze-modeling\blocky_game\blocky_momot\output_fg_refactored_full_l1_10_lvl9_run25
9,26,26,C:\Users\moeha\Cursor Projects\blockly-maze-modeling\blocky_game\..\blocky_momot\model\input\9.xmi,statement_insertions_henshin_text.henshin,8,100,10000,false,,,,,2544,2.544,C:\Users\moeha\Cursor Projects\blockly-maze-modeling\blocky_game\blocky_momot\output_fg_refactored_full_l1_10_lvl9_run26
9,27,27,C:\Users\moeha\Cursor Projects\blockly-maze-modeling\blocky_game\..\blocky_momot\model\input\9.xmi,statement_insertions_henshin_text.henshin,8,100,10000,false,,,,,2425,2.425,C:\Users\moeha\Cursor Projects\blockly-maze-modeling\blocky_game\blocky_momot\output_fg_refactored_full_l1_10_lvl9_run27
9,28,28,C:\Users\moeha\Cursor Projects\blockly-maze-modeling\blocky_game\..\blocky_momot\model\input\9.xmi,statement_insertions_henshin_text.henshin,8,100,10000,false,,,,,2353,2.353,C:\Users\moeha\Cursor Projects\blockly-maze-modeling\blocky_game\blocky_momot\output_fg_refactored_full_l1_10_lvl9_run28
9,29,29,C:\Users\moeha\Cursor Projects\blockly-maze-modeling\blocky_game\..\blocky_momot\model\input\9.xmi,statement_insertions_henshin_text.henshin,8,100,10000,false,,,,,2395,2.395,C:\Users\moeha\Cursor Projects\blockly-maze-modeling\blocky_game\blocky_momot\output_fg_refactored_full_l1_10_lvl9_run29
9,30,30,C:\Users\moeha\Cursor Projects\blockly-maze-modeling\blocky_game\..\blocky_momot\model\input\9.xmi,statement_insertions_henshin_text.henshin,8,100,10000,false,,,,,2330,2.330,C:\Users\moeha\Cursor Projects\blockly-maze-modeling\blocky_game\blocky_momot\output_fg_refactored_full_l1_10_lvl9_run30
10,1,1,C:\Users\moeha\Cursor Projects\blockly-maze-modeling\blocky_game\..\blocky_momot\model\input\10.xmi,statement_insertions_henshin_text.henshin,38,100,10000,false,,,,,12780,12.780,C:\Users\moeha\Cursor Projects\blockly-maze-modeling\blocky_game\blocky_momot\output_fg_refactored_full_l1_10_lvl10_run1
10,2,2,C:\Users\moeha\Cursor Projects\blockly-maze-modeling\blocky_game\..\blocky_momot\model\input\10.xmi,statement_insertions_henshin_text.henshin,38,100,10000,false,,,,,13069,13.069,C:\Users\moeha\Cursor Projects\blockly-maze-modeling\blocky_game\blocky_momot\output_fg_refactored_full_l1_10_lvl10_run2
10,3,3,C:\Users\moeha\Cursor Projects\blockly-maze-modeling\blocky_game\..\blocky_momot\model\input\10.xmi,statement_insertions_henshin_text.henshin,38,100,10000,false,,,,,11853,11.853,C:\Users\moeha\Cursor Projects\blockly-maze-modeling\blocky_game\blocky_momot\output_fg_refactored_full_l1_10_lvl10_run3
10,4,4,C:\Users\moeha\Cursor Projects\blockly-maze-modeling\blocky_game\..\blocky_momot\model\input\10.xmi,statement_insertions_henshin_text.henshin,38,100,10000,false,,,,,14134,14.134,C:\Users\moeha\Cursor Projects\blockly-maze-modeling\blocky_game\blocky_momot\output_fg_refactored_full_l1_10_lvl10_run4
10,5,5,C:\Users\moeha\Cursor Projects\blockly-maze-modeling\blocky_game\..\blocky_momot\model\input\10.xmi,statement_insertions_henshin_text.henshin,38,100,10000,false,,,,,10901,10.901,C:\Users\moeha\Cursor Projects\blockly-maze-modeling\blocky_game\blocky_momot\output_fg_refactored_full_l1_10_lvl10_run5
10,6,6,C:\Users\moeha\Cursor Projects\blockly-maze-modeling\blocky_game\..\blocky_momot\model\input\10.xmi,statement_insertions_henshin_text.henshin,38,100,10000,false,,,,,13575,13.575,C:\Users\moeha\Cursor Projects\blockly-maze-modeling\blocky_game\blocky_momot\output_fg_refactored_full_l1_10_lvl10_run6
10,7,7,C:\Users\moeha\Cursor Projects\blockly-maze-modeling\blocky_game\..\blocky_momot\model\input\10.xmi,statement_insertions_henshin_text.henshin,38,100,10000,false,,,,,13006,13.006,C:\Users\moeha\Cursor Projects\blockly-maze-modeling\blocky_game\blocky_momot\output_fg_refactored_full_l1_10_lvl10_run7
10,8,8,C:\Users\moeha\Cursor Projects\blockly-maze-modeling\blocky_game\..\blocky_momot\model\input\10.xmi,statement_insertions_henshin_text.henshin,38,100,10000,false,,,,,14845,14.845,C:\Users\moeha\Cursor Projects\blockly-maze-modeling\blocky_game\blocky_momot\output_fg_refactored_full_l1_10_lvl10_run8
10,9,9,C:\Users\moeha\Cursor Projects\blockly-maze-modeling\blocky_game\..\blocky_momot\model\input\10.xmi,statement_insertions_henshin_text.henshin,38,100,10000,false,,,,,11006,11.006,C:\Users\moeha\Cursor Projects\blockly-maze-modeling\blocky_game\blocky_momot\output_fg_refactored_full_l1_10_lvl10_run9
10,10,10,C:\Users\moeha\Cursor Projects\blockly-maze-modeling\blocky_game\..\blocky_momot\model\input\10.xmi,statement_insertions_henshin_text.henshin,38,100,10000,false,,,,,11109,11.109,C:\Users\moeha\Cursor Projects\blockly-maze-modeling\blocky_game\blocky_momot\output_fg_refactored_full_l1_10_lvl10_run10
10,11,11,C:\Users\moeha\Cursor Projects\blockly-maze-modeling\blocky_game\..\blocky_momot\model\input\10.xmi,statement_insertions_henshin_text.henshin,38,100,10000,false,,,,,14852,14.852,C:\Users\moeha\Cursor Projects\blockly-maze-modeling\blocky_game\blocky_momot\output_fg_refactored_full_l1_10_lvl10_run11
10,12,12,C:\Users\moeha\Cursor Projects\blockly-maze-modeling\blocky_game\..\blocky_momot\model\input\10.xmi,statement_insertions_henshin_text.henshin,38,100,10000,false,,,,,14519,14.519,C:\Users\moeha\Cursor Projects\blockly-maze-modeling\blocky_game\blocky_momot\output_fg_refactored_full_l1_10_lvl10_run12
10,13,13,C:\Users\moeha\Cursor Projects\blockly-maze-modeling\blocky_game\..\blocky_momot\model\input\10.xmi,statement_insertions_henshin_text.henshin,38,100,10000,false,,,,,12939,12.939,C:\Users\moeha\Cursor Projects\blockly-maze-modeling\blocky_game\blocky_momot\output_fg_refactored_full_l1_10_lvl10_run13
10,14,14,C:\Users\moeha\Cursor Projects\blockly-maze-modeling\blocky_game\..\blocky_momot\model\input\10.xmi,statement_insertions_henshin_text.henshin,38,100,10000,false,,,,,11918,11.918,C:\Users\moeha\Cursor Projects\blockly-maze-modeling\blocky_game\blocky_momot\output_fg_refactored_full_l1_10_lvl10_run14
10,15,15,C:\Users\moeha\Cursor Projects\blockly-maze-modeling\blocky_game\..\blocky_momot\model\input\10.xmi,statement_insertions_henshin_text.henshin,38,100,10000,false,,,,,12126,12.126,C:\Users\moeha\Cursor Projects\blockly-maze-modeling\blocky_game\blocky_momot\output_fg_refactored_full_l1_10_lvl10_run15
10,16,16,C:\Users\moeha\Cursor Projects\blockly-maze-modeling\blocky_game\..\blocky_momot\model\input\10.xmi,statement_insertions_henshin_text.henshin,38,100,10000,false,,,,,14473,14.473,C:\Users\moeha\Cursor Projects\blockly-maze-modeling\blocky_game\blocky_momot\output_fg_refactored_full_l1_10_lvl10_run16
10,17,17,C:\Users\moeha\Cursor Projects\blockly-maze-modeling\blocky_game\..\blocky_momot\model\input\10.xmi,statement_insertions_henshin_text.henshin,38,100,10000,false,,,,,12819,12.819,C:\Users\moeha\Cursor Projects\blockly-maze-modeling\blocky_game\blocky_momot\output_fg_refactored_full_l1_10_lvl10_run17
10,18,18,C:\Users\moeha\Cursor Projects\blockly-maze-modeling\blocky_game\..\blocky_momot\model\input\10.xmi,statement_insertions_henshin_text.henshin,38,100,10000,false,,,,,12005,12.005,C:\Users\moeha\Cursor Projects\blockly-maze-modeling\blocky_game\blocky_momot\output_fg_refactored_full_l1_10_lvl10_run18
10,19,19,C:\Users\moeha\Cursor Projects\blockly-maze-modeling\blocky_game\..\blocky_momot\model\input\10.xmi,statement_insertions_henshin_text.henshin,38,100,10000,false,,,,,12949,12.949,C:\Users\moeha\Cursor Projects\blockly-maze-modeling\blocky_game\blocky_momot\output_fg_refactored_full_l1_10_lvl10_run19
10,20,20,C:\Users\moeha\Cursor Projects\blockly-maze-modeling\blocky_game\..\blocky_momot\model\input\10.xmi,statement_insertions_henshin_text.henshin,38,100,10000,false,,,,,12293,12.293,C:\Users\moeha\Cursor Projects\blockly-maze-modeling\blocky_game\blocky_momot\output_fg_refactored_full_l1_10_lvl10_run20
10,21,21,C:\Users\moeha\Cursor Projects\blockly-maze-modeling\blocky_game\..\blocky_momot\model\input\10.xmi,statement_insertions_henshin_text.henshin,38,100,10000,false,,,,,12659,12.659,C:\Users\moeha\Cursor Projects\blockly-maze-modeling\blocky_game\blocky_momot\output_fg_refactored_full_l1_10_lvl10_run21
10,22,22,C:\Users\moeha\Cursor Projects\blockly-maze-modeling\blocky_game\..\blocky_momot\model\input\10.xmi,statement_insertions_henshin_text.henshin,38,100,10000,false,,,,,11260,11.260,C:\Users\moeha\Cursor Projects\blockly-maze-modeling\blocky_game\blocky_momot\output_fg_refactored_full_l1_10_lvl10_run22
10,23,23,C:\Users\moeha\Cursor Projects\blockly-maze-modeling\blocky_game\..\blocky_momot\model\input\10.xmi,statement_insertions_henshin_text.henshin,38,100,10000,false,,,,,11163,11.163,C:\Users\moeha\Cursor Projects\blockly-maze-modeling\blocky_game\blocky_momot\output_fg_refactored_full_l1_10_lvl10_run23
10,24,24,C:\Users\moeha\Cursor Projects\blockly-maze-modeling\blocky_game\..\blocky_momot\model\input\10.xmi,statement_insertions_henshin_text.henshin,38,100,10000,false,,,,,13642,13.642,C:\Users\moeha\Cursor Projects\blockly-maze-modeling\blocky_game\blocky_momot\output_fg_refactored_full_l1_10_lvl10_run24
10,25,25,C:\Users\moeha\Cursor Projects\blockly-maze-modeling\blocky_game\..\blocky_momot\model\input\10.xmi,statement_insertions_henshin_text.henshin,38,100,10000,false,,,,,11814,11.814,C:\Users\moeha\Cursor Projects\blockly-maze-modeling\blocky_game\blocky_momot\output_fg_refactored_full_l1_10_lvl10_run25
10,26,26,C:\Users\moeha\Cursor Projects\blockly-maze-modeling\blocky_game\..\blocky_momot\model\input\10.xmi,statement_insertions_henshin_text.henshin,38,100,10000,false,,,,,11594,11.594,C:\Users\moeha\Cursor Projects\blockly-maze-modeling\blocky_game\blocky_momot\output_fg_refactored_full_l1_10_lvl10_run26
10,27,27,C:\Users\moeha\Cursor Projects\blockly-maze-modeling\blocky_game\..\blocky_momot\model\input\10.xmi,statement_insertions_henshin_text.henshin,38,100,10000,false,,,,,11931,11.931,C:\Users\moeha\Cursor Projects\blockly-maze-modeling\blocky_game\blocky_momot\output_fg_refactored_full_l1_10_lvl10_run27
10,28,28,C:\Users\moeha\Cursor Projects\blockly-maze-modeling\blocky_game\..\blocky_momot\model\input\10.xmi,statement_insertions_henshin_text.henshin,38,100,10000,false,,,,,12457,12.457,C:\Users\moeha\Cursor Projects\blockly-maze-modeling\blocky_game\blocky_momot\output_fg_refactored_full_l1_10_lvl10_run28
10,29,29,C:\Users\moeha\Cursor Projects\blockly-maze-modeling\blocky_game\..\blocky_momot\model\input\10.xmi,statement_insertions_henshin_text.henshin,38,100,10000,false,,,,,13751,13.751,C:\Users\moeha\Cursor Projects\blockly-maze-modeling\blocky_game\blocky_momot\output_fg_refactored_full_l1_10_lvl10_run29
10,30,30,C:\Users\moeha\Cursor Projects\blockly-maze-modeling\blocky_game\..\blocky_momot\model\input\10.xmi,statement_insertions_henshin_text.henshin,38,100,10000,false,,,,,14179,14.179,C:\Users\moeha\Cursor Projects\blockly-maze-modeling\blocky_game\blocky_momot\output_fg_refactored_full_l1_10_lvl10_run30
