level,runIndex,seed,inputXmi,henshinModule,solutionLength,populationSize,maxEvaluations,solved,timeToFirstGoalMs,timeToFirstGoalSec,generationOfFirstGoal,evaluationsAtFirstGoal,outputDir
9,1,1,C:\Users\moeha\Cursor Projects\blockly-maze-modeling\blocky_game\..\blocky_momot\model\input\9.xmi,statement_insertions_henshin_text.henshin,8,100,10000,false,,,,,C:\Users\moeha\Cursor Projects\blockly-maze-modeling\blocky_game\blocky_momot\output_fg_level_9_lvl9_run1
9,2,2,C:\Users\moeha\Cursor Projects\blockly-maze-modeling\blocky_game\..\blocky_momot\model\input\9.xmi,statement_insertions_henshin_text.henshin,8,100,10000,false,,,,,C:\Users\moeha\Cursor Projects\blockly-maze-modeling\blocky_game\blocky_momot\output_fg_level_9_lvl9_run2
9,3,3,C:\Users\moeha\Cursor Projects\blockly-maze-modeling\blocky_game\..\blocky_momot\model\input\9.xmi,statement_insertions_henshin_text.henshin,8,100,10000,false,,,,,C:\Users\moeha\Cursor Projects\blockly-maze-modeling\blocky_game\blocky_momot\output_fg_level_9_lvl9_run3
9,4,4,C:\Users\moeha\Cursor Projects\blockly-maze-modeling\blocky_game\..\blocky_momot\model\input\9.xmi,statement_insertions_henshin_text.henshin,8,100,10000,false,,,,,C:\Users\moeha\Cursor Projects\blockly-maze-modeling\blocky_game\blocky_momot\output_fg_level_9_lvl9_run4
9,5,5,C:\Users\moeha\Cursor Projects\blockly-maze-modeling\blocky_game\..\blocky_momot\model\input\9.xmi,statement_insertions_henshin_text.henshin,8,100,10000,false,,,,,C:\Users\moeha\Cursor Projects\blockly-maze-modeling\blocky_game\blocky_momot\output_fg_level_9_lvl9_run5
9,6,6,C:\Users\moeha\Cursor Projects\blockly-maze-modeling\blocky_game\..\blocky_momot\model\input\9.xmi,statement_insertions_henshin_text.henshin,8,100,10000,false,,,,,C:\Users\moeha\Cursor Projects\blockly-maze-modeling\blocky_game\blocky_momot\output_fg_level_9_lvl9_run6
9,7,7,C:\Users\moeha\Cursor Projects\blockly-maze-modeling\blocky_game\..\blocky_momot\model\input\9.xmi,statement_insertions_henshin_text.henshin,8,100,10000,false,,,,,C:\Users\moeha\Cursor Projects\blockly-maze-modeling\blocky_game\blocky_momot\output_fg_level_9_lvl9_run7
9,8,8,C:\Users\moeha\Cursor Projects\blockly-maze-modeling\blocky_game\..\blocky_momot\model\input\9.xmi,statement_insertions_henshin_text.henshin,8,100,10000,true,246,0.246,5,500,C:\Users\moeha\Cursor Projects\blockly-maze-modeling\blocky_game\blocky_momot\output_fg_level_9_lvl9_run8
9,9,9,C:\Users\moeha\Cursor Projects\blockly-maze-modeling\blocky_game\..\blocky_momot\model\input\9.xmi,statement_insertions_henshin_text.henshin,8,100,10000,false,,,,,C:\Users\moeha\Cursor Projects\blockly-maze-modeling\blocky_game\blocky_momot\output_fg_level_9_lvl9_run9
9,10,10,C:\Users\moeha\Cursor Projects\blockly-maze-modeling\blocky_game\..\blocky_momot\model\input\9.xmi,statement_insertions_henshin_text.henshin,8,100,10000,false,,,,,C:\Users\moeha\Cursor Projects\blockly-maze-modeling\blocky_game\blocky_momot\output_fg_level_9_lvl9_run10
9,11,11,C:\Users\moeha\Cursor Projects\blockly-maze-modeling\blocky_game\..\blocky_momot\model\input\9.xmi,statement_insertions_henshin_text.henshin,8,100,10000,false,,,,,C:\Users\moeha\Cursor Projects\blockly-maze-modeling\blocky_game\blocky_momot\output_fg_level_9_lvl9_run11
9,12,12,C:\Users\moeha\Cursor Projects\blockly-maze-modeling\blocky_game\..\blocky_momot\model\input\9.xmi,statement_insertions_henshin_text.henshin,8,100,10000,false,,,,,C:\Users\moeha\Cursor Projects\blockly-maze-modeling\blocky_game\blocky_momot\output_fg_level_9_lvl9_run12
9,13,13,C:\Users\moeha\Cursor Projects\blockly-maze-modeling\blocky_game\..\blocky_momot\model\input\9.xmi,statement_insertions_henshin_text.henshin,8,100,10000,false,,,,,C:\Users\moeha\Cursor Projects\blockly-maze-modeling\blocky_game\blocky_momot\output_fg_level_9_lvl9_run13
9,14,14,C:\Users\moeha\Cursor Projects\blockly-maze-modeling\blocky_game\..\blocky_momot\model\input\9.xmi,statement_insertions_henshin_text.henshin,8,100,10000,true,574,0.574,11,1100,C:\Users\moeha\Cursor Projects\blockly-maze-modeling\blocky_game\blocky_momot\output_fg_level_9_lvl9_run14
9,15,15,C:\Users\moeha\Cursor Projects\blockly-maze-modeling\blocky_game\..\blocky_momot\model\input\9.xmi,statement_insertions_henshin_text.henshin,8,100,10000,false,,,,,C:\Users\moeha\Cursor Projects\blockly-maze-modeling\blocky_game\blocky_momot\output_fg_level_9_lvl9_run15
9,16,16,C:\Users\moeha\Cursor Projects\blockly-maze-modeling\blocky_game\..\blocky_momot\model\input\9.xmi,statement_insertions_henshin_text.henshin,8,100,10000,false,,,,,C:\Users\moeha\Cursor Projects\blockly-maze-modeling\blocky_game\blocky_momot\output_fg_level_9_lvl9_run16
9,17,17,C:\Users\moeha\Cursor Projects\blockly-maze-modeling\blocky_game\..\blocky_momot\model\input\9.xmi,statement_insertions_henshin_text.henshin,8,100,10000,false,,,,,C:\Users\moeha\Cursor Projects\blockly-maze-modeling\blocky_game\blocky_momot\output_fg_level_9_lvl9_run17
9,18,18,C:\Users\moeha\Cursor Projects\blockly-maze-modeling\blocky_game\..\blocky_momot\model\input\9.xmi,statement_insertions_henshin_text.henshin,8,100,10000,false,,,,,C:\Users\moeha\Cursor Projects\blockly-maze-modeling\blocky_game\blocky_momot\output_fg_level_9_lvl9_run18
9,19,19,C:\Users\moeha\Cursor Projects\blockly-maze-modeling\blocky_game\..\blocky_momot\model\input\9.xmi,statement_insertions_henshin_text.henshin,8,100,10000,false,,,,,C:\Users\moeha\Cursor Projects\blockly-maze-modeling\blocky_game\blocky_momot\output_fg_level_9_lvl9_run19
9,20,20,C:\Users\moeha\Cursor Projects\blockly-maze-modeling\blocky_game\..\blocky_momot\model\input\9.xmi,statement_insertions_henshin_text.henshin,8,100,10000,false,,,,,C:\Users\moeha\Cursor Projects\blockly-maze-modeling\blocky_game\blocky_momot\output_fg_level_9_lvl9_run20
9,21,21,C:\Users\moeha\Cursor Projects\blockly-maze-modeling\blocky_game\..\blocky_momot\model\input\9.xmi,statement_insertions_henshin_text.henshin,8,100,10000,false,,,,,C:\Users\moeha\Cursor Projects\blockly-maze-modeling\blocky_game\blocky_momot\output_fg_level_9_lvl9_run21
9,22,22,C:\Users\moeha\Cursor Projects\blockly-maze-modeling\blocky_game\..\blocky_momot\model\input\9.xmi,statement_insertions_henshin_text.henshin,8,100,10000,false,,,,,C:\Users\moeha\Cursor Projects\blockly-maze-modeling\blocky_game\blocky_momot\output_fg_level_9_lvl9_run22
9,23,23,C:\Users\moeha\Cursor Projects\blockly-maze-modeling\blocky_game\..\blocky_momot\model\input\9.xmi,statement_insertions_henshin_text.henshin,8,100,10000,false,,,,,C:\Users\moeha\Cursor Projects\blockly-maze-modeling\blocky_game\blocky_momot\output_fg_level_9_lvl9_run23
9,24,24,C:\Users\moeha\Cursor Projects\blockly-maze-modeling\blocky_game\..\blocky_momot\model\input\9.xmi,statement_insertions_henshin_text.henshin,8,100,10000,false,,,,,C:\Users\moeha\Cursor Projects\blockly-maze-modeling\blocky_game\blocky_momot\output_fg_level_9_lvl9_run24
9,25,25,C:\Users\moeha\Cursor Projects\blockly-maze-modeling\blocky_game\..\blocky_momot\model\input\9.xmi,statement_insertions_henshin_text.henshin,8,100,10000,false,,,,,C:\Users\moeha\Cursor Projects\blockly-maze-modeling\blocky_game\blocky_momot\output_fg_level_9_lvl9_run25
9,26,26,C:\Users\moeha\Cursor Projects\blockly-maze-modeling\blocky_game\..\blocky_momot\model\input\9.xmi,statement_insertions_henshin_text.henshin,8,100,10000,false,,,,,C:\Users\moeha\Cursor Projects\blockly-maze-modeling\blocky_game\blocky_momot\output_fg_level_9_lvl9_run26
9,27,27,C:\Users\moeha\Cursor Projects\blockly-maze-modeling\blocky_game\..\blocky_momot\model\input\9.xmi,statement_insertions_henshin_text.henshin,8,100,10000,false,,,,,C:\Users\moeha\Cursor Projects\blockly-maze-modeling\blocky_game\blocky_momot\output_fg_level_9_lvl9_run27
9,28,28,C:\Users\moeha\Cursor Projects\blockly-maze-modeling\blocky_game\..\blocky_momot\model\input\9.xmi,statement_insertions_henshin_text.henshin,8,100,10000,false,,,,,C:\Users\moeha\Cursor Projects\blockly-maze-modeling\blocky_game\blocky_momot\output_fg_level_9_lvl9_run28
9,29,29,C:\Users\moeha\Cursor Projects\blockly-maze-modeling\blocky_game\..\blocky_momot\model\input\9.xmi,statement_insertions_henshin_text.henshin,8,100,10000,false,,,,,C:\Users\moeha\Cursor Projects\blockly-maze-modeling\blocky_game\blocky_momot\output_fg_level_9_lvl9_run29
9,30,30,C:\Users\moeha\Cursor Projects\blockly-maze-modeling\blocky_game\..\blocky_momot\model\input\9.xmi,statement_insertions_henshin_text.henshin,8,100,10000,false,,,,,C:\Users\moeha\Cursor Projects\blockly-maze-modeling\blocky_game\blocky_momot\output_fg_level_9_lvl9_run30
